range,payload,cost
16.6061058,80,9496.889648
10,5,3470.200439
16.6061058,80,9496.889648
10,5,3470.200439
16.6061058,80,9496.889648
10,5,3470.200439
16.6061058,80,9496.889648
10,5,3470.200439
16.6061058,80,9496.889648
10,5,3470.200439
16.6061058,80,9496.889648
10,5,3470.200439
16.6061058,80,9496.889648
10,5,3470.200439
16.6061058,80,9496.889648
10,5,3470.200439
16.6061058,80,9496.889648
10,5,3470.200439
16.6061058,80,9496.889648
10,5,3470.200439
16.6061058,80,9496.889648
10,5,3470.200439
16.6061058,80,9496.889648
10,5,3470.200439
16.6061058,80,9496.889648
10,5,3470.200439
10,5,3470.200439
18.39581871,60,7361.351074
10,5,3470.200439
18.39581871,60,7361.351074
10,5,3470.200439
18.39581871,60,7361.351074
10,5,3470.200439
18.39581871,60,7361.351074
10,5,3470.200439
18.39581871,60,7361.351074
16.6061058,80,9496.889648
10,5,3470.200439
16.6061058,80,9496.889648
10,5,3470.200439
16.6061058,80,9496.889648
10,5,3470.200439
16.6061058,80,9496.889648
10,5,3470.200439
16.6061058,80,9496.889648
10,5,3470.200439
16.6061058,80,9496.889648
10,5,3470.200439
16.6061058,80,9496.889648
10,5,3470.200439
16.6061058,80,9496.889648
10,5,3470.200439
16.6061058,80,9496.889648
10,5,3470.200439
16.6061058,80,9496.889648
10,5,3470.200439
16.6061058,80,9496.889648
10,5,3470.200439
16.6061058,80,9496.889648
10,5,3470.200439
10,5,3470.200439
18.39581871,60,7361.351074
16.6061058,80,9496.889648
10,5,3470.200439
16.6061058,80,9496.889648
10,5,3470.200439
16.6061058,80,9496.889648
10,5,3470.200439
10,5,3470.200439
18.39581871,60,7361.351074
10,5,3470.200439
18.39581871,60,7361.351074
10,5,3470.200439
18.39581871,60,7361.351074
10,5,3470.200439
18.39581871,60,7361.351074
10,5,3470.200439
18.39581871,60,7361.351074
10,5,3470.200439
18.39581871,60,7361.351074
10,5,3470.200439
18.39581871,60,7361.351074
10,5,3470.200439
18.39581871,60,7361.351074
10,5,3470.200439
18.39581871,60,7361.351074
10,5,3470.200439
18.39581871,60,7361.351074
10,5,3470.200439
18.39581871,60,7361.351074
10,5,3470.200439
18.39581871,60,7361.351074
11.21867847,20,4284.958984
19.17332458,5,4284.95459
10,5,3470.200439
20.32730484,10,5150.19873
20.32730484,10,5150.19873
11.21867847,20,4284.958984
11.21867847,20,4284.958984
20.32730484,10,5150.19873
20.32730484,10,5150.19873
11.21867847,20,4284.958984
11.21867847,20,4284.958984
11.21867847,20,4284.958984
20.32730484,10,5150.19873
23.89169884,6,5516.050293
20.32730484,10,5150.19873
11.21867847,20,4284.958984
11.21867847,20,4284.958984
20.32730484,10,5150.19873
30.0741539,6,5084.512207
19.17332458,5,4284.95459
19.17332458,5,4284.95459
19.17332458,5,4284.95459
11.21867847,20,4284.958984
19.17332458,5,4284.95459
19.17332458,5,4284.95459
11.21867847,20,4284.958984
11.21867847,20,4284.958984
30.0741539,6,5084.512207
30.0741539,6,5084.512207
11.21867847,20,4284.958984
30.0741539,6,5084.512207
20.32730484,10,5150.19873
10,5,3470.200439
16.6061058,80,9496.889648
10,5,3470.200439
16.6061058,80,9496.889648
10,5,3470.200439
16.6061058,80,9496.889648
10,5,3470.200439
18.39581871,60,7361.351074
10,5,3470.200439
18.39581871,60,7361.351074
10,5,3470.200439
18.39581871,60,7361.351074
8.396873474,53,5156.891113
16.6061058,80,9496.889648
8.396873474,53,5156.891113
16.6061058,80,9496.889648
18.39581871,60,7361.351074
8.396873474,53,5156.891113
37.36566925,5,6690.624023
1.134095073,5,3988.873779
1.134095073,5,3988.873779
37.36566925,5,6690.624023
24.62442017,40,8094.827148
14.0552063,30,5437.668457
24.62442017,40,8094.827148
24.62442017,40,8094.827148
45.69306946,5,6270.198242
45.69306946,5,6270.198242
14.0552063,30,5437.668457
19.3449173,60,7830.40332
45.69306946,5,6270.198242
24.62442017,40,8094.827148
19.3449173,60,7830.40332
19.3449173,60,7830.40332
14.0552063,30,5437.668457
19.3449173,60,7830.40332
5.537545681,15,6826.038574
24.62442017,40,8094.827148
14.0552063,30,5437.668457
24.62442017,40,8094.827148
14.0552063,30,5437.668457
24.62442017,40,8094.827148
14.0552063,30,5437.668457
5.537545681,15,6826.038574
24.62442017,40,8094.827148
5.537545681,15,6826.038574
5.537545681,15,6826.038574
19.97704697,50,6918.180176
18.37432671,60,7361.351074
18.51418304,80,8469.941406
14.0552063,30,5437.668457
18.51418304,80,8469.941406
14.0552063,30,5437.668457
18.51418304,80,8469.941406
14.0552063,30,5437.668457
18.51418304,80,8469.941406
14.0552063,30,5437.668457
19.97704697,50,6918.180176
18.37432671,60,7361.351074
19.97704697,50,6918.180176
18.37432671,60,7361.351074
19.97704697,50,6918.180176
16.85012245,50,6523.011719
19.97704697,50,6918.180176
16.85012245,50,6523.011719
16.85012245,50,6523.011719
24.62442017,40,8094.827148
19.97704697,50,6918.180176
16.85012245,50,6523.011719
14.0552063,30,5437.668457
32.10738754,40,8335.244141
14.0552063,30,5437.668457
29.86203766,40,8299.34082
10,5,3470.200439
10,5,3470.200439
10,5,3470.200439
10,5,3470.200439
10,5,3470.200439
9.186551094,12,2934.171631
9.186551094,12,2934.171631
9.186551094,12,2934.171631
8.29061985,16,2939.949463
8.29061985,16,2939.949463
8.29061985,16,2939.949463
8.29061985,16,2939.949463
8.29061985,16,2939.949463
8.29061985,16,2939.949463
8.29061985,16,2939.949463
8.29061985,16,2939.949463
8.29061985,16,2939.949463
8.29061985,16,2939.949463
8.29061985,16,2939.949463
8.29061985,16,2939.949463
8.29061985,16,2939.949463
8.29061985,16,2939.949463
8.29061985,16,2939.949463
8.29061985,16,2939.949463
8.29061985,16,2939.949463
8.29061985,16,2939.949463
8.29061985,16,2939.949463
8.29061985,16,2939.949463
8.29061985,16,2939.949463
8.29061985,16,2939.949463
8.29061985,16,2939.949463
8.29061985,16,2939.949463
8.29061985,16,2939.949463
8.29061985,16,2939.949463
8.29061985,16,2939.949463
8.29061985,16,2939.949463
8.29061985,16,2939.949463
8.29061985,16,2939.949463
8.29061985,16,2939.949463
8.29061985,16,2939.949463
8.29061985,16,2939.949463
8.29061985,16,2939.949463
50.41148376,5,6340.180176
50.41148376,5,6340.180176
51.35989761,5,6553.562012
50.41148376,5,6340.180176
50.41148376,5,6340.180176
51.35989761,5,6553.562012
50.41148376,5,6340.180176
59.66614914,5,7669.691406
50.41148376,5,6340.180176
59.66614914,5,7669.691406
50.41148376,5,6340.180176
50.41148376,5,6340.180176
50.41148376,5,6340.180176
9.771212578,5,3679.574219
50.41148376,5,6340.180176
9.771212578,5,3679.574219
7.728058815,5,4145.700195
22.29216957,5,3591.67041
22.29216957,5,3591.67041
22.29216957,5,3591.67041
7.728058815,5,4145.700195
22.29216957,5,3591.67041
22.29216957,5,3591.67041
50.41148376,5,6340.180176
22.29216957,5,3591.67041
22.29216957,5,3591.67041
9.771212578,5,3679.574219
9.771212578,5,3679.574219
31.47830009,25,6340.179688
31.47830009,25,6340.179688
31.47830009,25,6340.179688
22.29216957,5,3591.67041
22.29216957,5,3591.67041
22.29216957,5,3591.67041
22.29216957,5,3591.67041
22.29216957,5,3591.67041
22.29216957,5,3591.67041
22.29216957,5,3591.67041
22.29216957,5,3591.67041
22.29216957,5,3591.67041
9.747408867,20,3591.671875
9.747408867,20,3591.671875
31.47830009,25,6340.179688
9.747408867,20,3591.671875
31.47830009,25,6340.179688
9.747408867,20,3591.671875
9.747408867,20,3591.671875
48.47856522,10,7465.825684
9.747408867,20,3591.671875
29.66911316,27,6340.179688
29.66911316,27,6340.179688
29.66911316,27,6340.179688
29.66911316,27,6340.179688
29.66911316,27,6340.179688
29.66911316,27,6340.179688
31.47830009,25,6340.179688
29.66911316,27,6340.179688
48.47856522,10,7465.825684
48.47856522,10,7465.825684
29.66911316,27,6340.179688
29.66911316,27,6340.179688
9.747408867,20,3591.671875
9.747408867,20,3591.671875
48.47856522,10,7465.825684
48.47856522,10,7465.825684
48.47856522,10,7465.825684
48.47856522,10,7465.825684
31.47830009,25,6340.179688
9.747408867,20,3591.671875
9.747408867,20,3591.671875
31.47830009,25,6340.179688
9.747408867,20,3591.671875
9.747408867,20,3591.671875
31.47830009,25,6340.179688
9.747408867,20,3591.671875
9.747408867,20,3591.671875
31.47830009,25,6340.179688
9.747408867,20,3591.671875
9.747408867,20,3591.671875
31.47830009,25,6340.179688
9.747408867,20,3591.671875
9.747408867,20,3591.671875
31.47830009,25,6340.179688
31.47830009,25,6340.179688
9.747408867,20,3591.671875
9.747408867,20,3591.671875
31.47830009,25,6340.179688
9.747408867,20,3591.671875
9.747408867,20,3591.671875
31.47830009,25,6340.179688
9.747408867,20,3591.671875
9.747408867,20,3591.671875
48.47856522,10,7465.825684
48.47856522,10,7465.825684
31.47830009,25,6340.179688
31.47830009,25,6340.179688
48.47856522,10,7465.825684
48.47856522,10,7465.825684
9.747408867,20,3591.671875
9.747408867,20,3591.671875
9.747408867,20,3591.671875
9.747408867,20,3591.671875
48.47856522,10,7465.825684
10,5,3470.200439
10,5,3470.200439
10,5,3470.200439
10,5,3470.200439
10,5,3470.200439
10,5,3470.200439
10,5,3470.200439
9.641415596,31,4159.263184
9.641415596,31,4159.263184
9.641415596,31,4159.263184
9.641521454,31,4159.263184
10,5,3470.200439
12.06321907,34,4610.435547
9.641521454,31,4159.263184
10,5,3470.200439
12.06321907,34,4610.435547
12.06321907,34,4610.435547
10,5,3470.200439
9.641521454,31,4159.263184
12.06321907,34,4610.435547
25.23828697,51,8521.591797
25.23828697,51,8521.591797
12.06321907,34,4610.435547
12.06321907,34,4610.435547
12.06321907,34,4610.435547
5.014784336,28,3445.277588
5.014784336,28,3445.277588
5.014784336,28,3445.277588
5.014784336,28,3445.277588
24.8947773,30,6894.200195
12.06321907,34,4610.435547
10,5,3470.200439
10,5,3470.200439
10,5,3470.200439
10,5,3470.200439
10,5,3470.200439
10,5,3470.200439
10,5,3470.200439
10,5,3470.200439
10,5,3470.200439
10,5,3470.200439
10,5,3470.200439
10,5,3470.200439
10,5,3470.200439
10,5,3470.200439
10,5,3470.200439
10,5,3470.200439
10,5,3470.200439
16.6061058,80,9496.889648
16.6061058,80,9496.889648
18.39581871,60,7361.351074
18.39581871,60,7361.351074
10,5,3470.200439
16.6061058,80,9496.889648
8.396873474,53,5156.891113
16.6061058,80,9496.889648
18.39581871,60,7361.351074
10,5,3470.200439
16.6061058,80,9496.889648
18.39581871,60,7361.351074
10,5,3470.200439
16.6061058,80,9496.889648
10,5,3470.200439
16.6061058,80,9496.889648
10,5,3470.200439
16.6061058,80,9496.889648
24.80543518,45,7872.57666
4.340017796,80,5437.668457
18.39581871,60,7361.351074
18.39581871,60,7361.351074
10,5,3470.200439
16.6061058,80,9496.889648
8.396873474,53,5156.891113
4.340017796,80,5437.668457
4.340017796,80,5437.668457
4.340017796,80,5437.668457
4.340017796,80,5437.668457
10,5,3470.200439
4.340017796,80,5437.668457
10,5,3470.200439
16.6061058,80,9496.889648
18.39581871,60,7361.351074
8.396873474,53,5156.891113
10,5,3470.200439
10,5,3470.200439
10,5,3470.200439
10,5,3470.200439
10,5,3470.200439
10,5,3470.200439
10,5,3470.200439
10,5,3470.200439
10,5,3470.200439
10,5,3470.200439
10,5,3470.200439
10,5,3470.200439
10,5,3470.200439
9.186551094,12,2934.171631
9.186551094,12,2934.171631
9.186551094,12,2934.171631
9.186551094,12,2934.171631
9.186551094,12,2934.171631
10,5,3470.200439
10,5,3470.200439
10,5,3470.200439
10,5,3470.200439
10,5,3470.200439
10,5,3470.200439
10,5,3470.200439
10,5,3470.200439
10,5,3470.200439
10,5,3470.200439
10,5,3470.200439
10,5,3470.200439
10,5,3470.200439
10,5,3470.200439
10,5,3470.200439
10,5,3470.200439
10,5,3470.200439
10,5,3470.200439
9.186551094,12,2934.171631
9.186551094,12,2934.171631
8.29061985,16,2939.949463
8.29061985,16,2939.949463
9.186551094,12,2934.171631
8.29061985,16,2939.949463
8.29061985,16,2939.949463
8.29061985,16,2939.949463
8.29061985,16,2939.949463
8.29061985,16,2939.949463
9.186551094,12,2934.171631
9.186551094,12,2934.171631
9.186551094,12,2934.171631
9.186551094,12,2934.171631
8.29061985,16,2939.949463
8.29061985,16,2939.949463
9.186551094,12,2934.171631
8.29061985,16,2939.949463
9.186551094,12,2934.171631
8.29061985,16,2939.949463
9.186551094,12,2934.171631
9.186551094,12,2934.171631
9.186551094,12,2934.171631
9.186551094,12,2934.171631
9.186551094,12,2934.171631
10,5,3470.200439
10,5,3470.200439
10,5,3470.200439
10,5,3470.200439
10,5,3470.200439
10,5,3470.200439
10,5,3470.200439
10,5,3470.200439
10,5,3470.200439
5.936053276,65,5278.418457
5.936053276,65,5278.418457
5.936053276,65,5278.418457
5.936053276,65,5278.418457
5.936053276,65,5278.418457
5.936053276,65,5278.418457
5.936053276,65,5278.418457
5.936053276,65,5278.418457
5.936053276,65,5278.418457
5.936053276,65,5278.418457
5.936053276,65,5278.418457
10.10049725,75,6438.810059
10.10049725,75,6438.810059
10.10049725,75,6438.810059
10,5,3470.200439
10,5,3470.200439
10,5,3470.200439
10,5,3470.200439
10,5,3470.200439
10,5,3470.200439
10,5,3470.200439
10,5,3470.200439
10,5,3470.200439
10,5,3470.200439
10,5,3470.200439
10,5,3470.200439
14.08566475,56,6363.762207
14.08566475,56,6363.762207
14.08566475,56,6363.762207
14.08566475,56,6363.762207
16.22093201,65,6598.986328
16.22093201,65,6598.986328
13.84058094,72,7140.430176
13.84058094,72,7140.430176
13.84058094,72,7140.430176
13.84058094,72,7140.430176
19.35118103,65,7763.019043
16.66935921,65,6790.518066
10,5,3470.200439
10,5,3470.200439
10,5,3470.200439
10,5,3470.200439
10,5,3470.200439
10,5,3470.200439
10,5,3470.200439
10,5,3470.200439
10,5,3470.200439
10,5,3470.200439
10,5,3470.200439
10,5,3470.200439
19.35118103,65,7763.019043
13.84058094,72,7140.430176
10,5,3470.200439
19.35118103,65,7763.019043
10,5,3470.200439
19.35118103,65,7763.019043
10,5,3470.200439
10,5,3470.200439
16.66935921,65,6790.518066
19.35118103,65,7763.019043
16.66935921,65,6790.518066
19.35118103,65,7763.019043
16.66935921,65,6790.518066
19.35118103,65,7763.019043
19.35118103,65,7763.019043
20.39814758,42,6953.370605
19.35118103,65,7763.019043
13.84058094,72,7140.430176
16.66935921,65,6790.518066
16.66935921,65,6790.518066
13.84058094,72,7140.430176
13.84058094,72,7140.430176
29.15743256,35,7713.327148
20.39814758,42,6953.370605
25.38798714,32,7236.024902
25.38798714,32,7236.024902
25.38798714,32,7236.024902
29.15743256,35,7713.327148
16.8315506,54,6538.203613
16.8315506,54,6538.203613
25.38798714,32,7236.024902
25.38798714,32,7236.024902
12.20376968,32,4494.881836
12.20376968,32,4494.881836
17.67876816,5,4482.366211
17.67876816,5,4482.366211
10,5,3470.200439
9.073893547,32,4159.263184
17.67876816,5,4482.366211
12.0929718,20,5095.650391
10,5,3470.200439
9.073893547,32,4159.263184
17.67876816,5,4482.366211
12.0929718,20,5095.650391
10,5,3470.200439
9.073893547,32,4159.263184
17.67876816,5,4482.366211
12.0929718,20,5095.650391
10,5,3470.200439
9.073893547,32,4159.263184
17.67876816,5,4482.366211
12.0929718,20,5095.650391
10,5,3470.200439
9.073893547,32,4159.263184
17.67876816,5,4482.366211
12.0929718,20,5095.650391
10,5,3470.200439
9.073893547,32,4159.263184
17.67876816,5,4482.366211
12.0929718,20,5095.650391
20.51828766,45,6966.183594
14.00779343,5,3790.602539
10,5,3470.200439
9.102334023,79,6547.679199
14.00779343,5,3790.602539
10,5,3470.200439
9.102334023,79,6547.679199
11.01992512,61,5948.388184
9.102334023,79,6547.679199
11.01992512,61,5948.388184
29.3110218,45,6494.768555
27.13824844,45,6470.102051
29.3110218,45,6494.768555
28.97733116,40,8330.667969
50.41148376,5,6340.180176
7.728058815,5,4145.700195
7.728058815,5,4145.700195
50.41148376,5,6340.180176
50.41148376,5,6340.180176
51.35989761,5,6553.562012
10,5,3470.200439
10,5,3470.200439
10,5,3470.200439
10,5,3470.200439
50.41148376,5,6340.180176
51.35989761,5,6553.562012
9.771212578,5,3679.574219
50.41148376,5,6340.180176
9.771212578,5,3679.574219
7.728058815,5,4145.700195
22.29216957,5,3591.67041
22.29216957,5,3591.67041
22.29216957,5,3591.67041
22.29216957,5,3591.67041
31.47830009,25,6340.179688
22.29216957,5,3591.67041
22.29216957,5,3591.67041
50.41148376,5,6340.180176
22.29216957,5,3591.67041
22.29216957,5,3591.67041
48.47856522,10,7465.825684
9.747408867,20,3591.671875
22.29216957,5,3591.67041
9.747408867,20,3591.671875
9.747408867,20,3591.671875
9.747408867,20,3591.671875
9.747408867,20,3591.671875
29.66911316,27,6340.179688
9.747408867,20,3591.671875
9.747408867,20,3591.671875
48.47856522,10,7465.825684
9.747408867,20,3591.671875
22.29216957,5,3591.67041
48.47856522,10,7465.825684
9.747408867,20,3591.671875
9.747408867,20,3591.671875
48.47856522,10,7465.825684
9.747408867,20,3591.671875
7.728058815,5,4145.700195
48.47856522,10,7465.825684
9.747408867,20,3591.671875
22.29216957,5,3591.67041
9.641521454,31,4159.263184
10,5,3470.200439
12.06321907,34,4610.435547
9.641521454,31,4159.263184
10,5,3470.200439
12.06321907,34,4610.435547
9.641521454,31,4159.263184
10,5,3470.200439
12.06321907,34,4610.435547
9.641521454,31,4159.263184
10,5,3470.200439
12.06321907,34,4610.435547
25.23828697,51,8521.591797
9.641521454,31,4159.263184
17.19768143,62,7353.812988
17.19768143,62,7353.812988
17.19768143,62,7353.812988
17.19768143,62,7353.812988
14.0552063,30,5437.668457
24.62442017,40,8094.827148
19.3449173,60,7830.40332
45.69306946,5,6270.198242
19.3449173,60,7830.40332
14.0552063,30,5437.668457
24.62442017,40,8094.827148
5.537545681,15,6826.038574
24.62442017,40,8094.827148
14.0552063,30,5437.668457
19.97704697,50,6918.180176
24.62442017,40,8094.827148
18.37432671,60,7361.351074
18.51418304,80,8469.941406
18.37432671,60,7361.351074
18.37432671,60,7361.351074
19.97704697,50,6918.180176
18.37432671,60,7361.351074
19.97704697,50,6918.180176
18.37432671,60,7361.351074
19.97704697,50,6918.180176
18.37432671,60,7361.351074
19.97704697,50,6918.180176
18.37432671,60,7361.351074
18.37432671,60,7361.351074
16.85012245,50,6523.011719
16.85012245,50,6523.011719
18.51418304,80,8469.941406
16.85012245,50,6523.011719
16.85012245,50,6523.011719
16.85012245,50,6523.011719
19.97704697,50,6918.180176
14.0552063,30,5437.668457
32.10738754,40,8335.244141
14.0552063,30,5437.668457
29.86203766,40,8299.34082
10,5,3470.200439
10,5,3470.200439
10,5,3470.200439
10,5,3470.200439
10,5,3470.200439
10,5,3470.200439
10,5,3470.200439
10,5,3470.200439
24.17382813,34,7472.48584
24.17382813,34,7472.48584
17.19768143,62,7353.812988
24.8947773,30,6894.200195
17.19768143,62,7353.812988
24.8947773,30,6894.200195
17.19768143,62,7353.812988
24.8947773,30,6894.200195
9.641521454,31,4159.263184
9.641521454,31,4159.263184
9.641521454,31,4159.263184
10.53382015,5,1920.538086
24.8947773,30,6894.200195
17.19768143,62,7353.812988
24.8947773,30,6894.200195
24.8947773,30,6894.200195
24.8947773,30,6894.200195
24.17382813,34,7472.48584
12.06321907,34,4610.435547
16.65633583,76,8678.96875
10.53382015,5,1920.538086
12.06321907,34,4610.435547
16.65633583,76,8678.96875
24.8947773,30,6894.200195
17.19768143,62,7353.812988
24.8947773,30,6894.200195
17.19768143,62,7353.812988
24.8947773,30,6894.200195
24.8947773,30,6894.200195
24.17382813,34,7472.48584
24.17382813,34,7472.48584
24.17382813,34,7472.48584
17.19768143,62,7353.812988
24.17382813,34,7472.48584
25.23828697,51,8521.591797
24.17382813,34,7472.48584
24.17382813,34,7472.48584
10,5,3470.200439
10,5,3470.200439
10,5,3470.200439
10,5,3470.200439
10,5,3470.200439
10,5,3470.200439
10,5,3470.200439
10,5,3470.200439
10,5,3470.200439
10,5,3470.200439
10,5,3470.200439
10,5,3470.200439
10,5,3470.200439
10,5,3470.200439
10,5,3470.200439
10,5,3470.200439
10,5,3470.200439
10,5,3470.200439
8.29061985,16,2939.949463
8.29061985,16,2939.949463
8.29061985,16,2939.949463
10,5,3470.200439
10,5,3470.200439
10,5,3470.200439
10,5,3470.200439
8.29061985,16,2939.949463
8.29061985,16,2939.949463
8.29061985,16,2939.949463
10,5,3470.200439
10,5,3470.200439
9.999290466,5,3470.199951
9.999290466,5,3470.199951
9.999290466,5,3470.199951
24.8947773,30,6894.200195
24.8947773,30,6894.200195
24.17382813,34,7472.48584
24.17382813,34,7472.48584
16.65633583,76,8678.96875
12.06321907,34,4610.435547
10,5,3470.200439
10,5,3470.200439
10,5,3470.200439
10,5,3470.200439
12.13942242,41,5188.440918
14.07110596,32,4738.141113
17.44624329,32,5102.926758
10,5,3470.200439
12.13942242,41,5188.440918
14.07110596,32,4738.141113
17.44624329,32,5102.926758
10,5,3470.200439
12.13942242,41,5188.440918
14.07110596,32,4738.141113
17.44624329,32,5102.926758
10,5,3470.200439
12.13942242,41,5188.440918
14.07110596,32,4738.141113
17.44624329,32,5102.926758
17.44624329,32,5102.926758
14.07110596,32,4738.141113
12.13942242,41,5188.440918
10,5,3470.200439
19.0844326,31,5243.392578
27.60785294,20,5243.392578
10,5,3470.200439
17.44624329,32,5102.926758
12.13942242,41,5188.440918
10,5,3470.200439
19.0844326,31,5243.392578
16.61073685,51,6523.012695
17.44624329,32,5102.926758
12.13942242,41,5188.440918
10,5,3470.200439
17.44624329,32,5102.926758
14.07110596,32,4738.141113
27.60785294,20,5243.392578
12.13942242,41,5188.440918
10,5,3470.200439
27.62350655,20,5243.392578
16.61073685,51,6523.012695
10,5,3470.200439
17.07190895,5,3630.401367
10,5,3470.200439
17.07190895,5,3630.401367
17.07190895,5,3630.401367
17.07190895,5,3630.401367
5.004795551,44,4274.816406
5.004795551,44,4274.816406
5.004795551,44,4274.816406
5.004795551,44,4274.816406
5.004795551,44,4274.816406
5.004795551,44,4274.816406
5.004795551,44,4274.816406
5.004795551,44,4274.816406
5.004795551,44,4274.816406
5.004795551,44,4274.816406
5.004795551,44,4274.816406
5.004795551,44,4274.816406
17.07190895,5,3630.401367
17.07190895,5,3630.401367
15.31851006,20,7828.875977
12.76170921,20,4586.816406
16.06564903,60,6942.846191
15.31851006,20,7828.875977
12.76170921,20,4586.816406
16.06564903,60,6942.846191
17.07190895,5,3630.401367
17.07190895,5,3630.401367
15.31851006,20,7828.875977
15.31851006,20,7828.875977
9.102334023,79,6547.679199
14.00779343,5,3790.602539
9.102334023,79,6547.679199
14.00779343,5,3790.602539
9.102334023,79,6547.679199
14.00779343,5,3790.602539
10,5,3470.200439
14.00779343,5,3790.602539
10,5,3470.200439
10.88928318,26,3509.80835
10.88928318,26,3509.80835
10.88928318,26,3509.80835
10.88928318,26,3509.80835
10.88928318,26,3509.80835
10.88928318,26,3509.80835
10.88928318,26,3509.80835
10.88928318,26,3509.80835
14.98827171,34,5034.607422
14.98827171,34,5034.607422
10.88928318,26,3509.80835
17.79608536,5,5040.312012
14.98827171,34,5034.607422
10.88928318,26,3509.80835
17.79608536,5,5040.312012
14.98827171,34,5034.607422
10.88928318,26,3509.80835
14.98827171,34,5034.607422
14.98827171,34,5034.607422
10.88928318,26,3509.80835
14.98827171,34,5034.607422
14.98827171,34,5034.607422
10.88928318,26,3509.80835
17.79608536,5,5040.312012
14.98827171,34,5034.607422
10.88928318,26,3509.80835
17.79608536,5,5040.312012
14.98827171,34,5034.607422
10.88928318,26,3509.80835
17.79608536,5,5040.312012
14.98827171,34,5034.607422
10.88928318,26,3509.80835
17.79608536,5,5040.312012
14.98827171,34,5034.607422
14.98827171,34,5034.607422
17.79608536,5,5040.312012
10.88928318,26,3509.80835
10.88928318,26,3509.80835
19.53145027,29,5102.926758
14.98827171,34,5034.607422
10.88928318,26,3509.80835
19.53145027,29,5102.926758
14.98827171,34,5034.607422
14.98827171,34,5034.607422
10.88928318,26,3509.80835
10.88928318,26,3509.80835
10,5,3470.200439
10,5,3470.200439
10,5,3470.200439
10,5,3470.200439
10,5,3470.200439
10,5,3470.200439
10,5,3470.200439
10,5,3470.200439
10,5,3470.200439
10,5,3470.200439
10,5,3470.200439
10,5,3470.200439
10,5,3470.200439
10,5,3470.200439
10,5,3470.200439
10,5,3470.200439
10,5,3470.200439
10,5,3470.200439
10,5,3470.200439
10,5,3470.200439
10,5,3470.200439
10,5,3470.200439
10,5,3470.200439
10,5,3470.200439
10,5,3470.200439
10,5,3470.200439
5.936053276,65,5278.418457
10.10049725,75,6438.810059
10.10049725,75,6438.810059
10.10049725,75,6438.810059
10.10049725,75,6438.810059
10.10049725,75,6438.810059
10,5,3470.200439
10,5,3470.200439
10,5,3470.200439
10,5,3470.200439
16.22093201,65,6598.986328
16.66935921,65,6790.518066
16.22093201,65,6598.986328
16.66935921,65,6790.518066
16.22093201,65,6598.986328
16.66935921,65,6790.518066
10,5,3470.200439
10,5,3470.200439
5.936053276,65,5278.418457
10.10049725,75,6438.810059
14.08566475,56,6363.762207
10.10049725,75,6438.810059
14.08566475,56,6363.762207
14.08566475,56,6363.762207
14.08566475,56,6363.762207
14.08566475,56,6363.762207
14.08566475,56,6363.762207
14.08566475,56,6363.762207
14.08566475,56,6363.762207
14.08566475,56,6363.762207
14.08566475,56,6363.762207
14.08566475,56,6363.762207
16.22093201,65,6598.986328
13.84058094,72,7140.430176
16.22093201,65,6598.986328
16.22093201,65,6598.986328
13.84058094,72,7140.430176
13.84058094,72,7140.430176
13.84058094,72,7140.430176
13.84058094,72,7140.430176
16.22093201,65,6598.986328
16.66935921,65,6790.518066
16.22093201,65,6598.986328
16.66935921,65,6790.518066
16.22093201,65,6598.986328
16.66935921,65,6790.518066
14.08566475,56,6363.762207
14.08566475,56,6363.762207
14.08566475,56,6363.762207
14.08566475,56,6363.762207
13.84058094,72,7140.430176
13.84058094,72,7140.430176
16.22093201,65,6598.986328
14.08566475,56,6363.762207
19.35118103,65,7763.019043
16.22093201,65,6598.986328
19.35118103,65,7763.019043
16.22093201,65,6598.986328
16.72914314,6,2170.147949
25.95002556,20,6298.344727
16.72914314,6,2170.147949
16.72914314,6,2170.147949
16.72914314,6,2170.147949
6.103415012,26,3332.544922
16.72914314,6,2170.147949
16.72914314,6,2170.147949
22.84686852,60,8804.245117
22.84686852,60,8804.245117
22.84686852,60,8804.245117
10.45180988,98,14096.49805
9.89068985,71,6365.286621
25.95002556,20,6298.344727
16.72914314,6,2170.147949
22.84686852,60,8804.245117
16.72914314,6,2170.147949
16.72914314,6,2170.147949
22.84686852,60,8804.245117
11.24586964,51,5619.000977
27.38591957,50,8973.584961
27.38591957,50,8973.584961
16.72914314,6,2170.147949
16.72914314,6,2170.147949
22.84686852,60,8804.245117
27.38591957,50,8973.584961
16.72914314,6,2170.147949
16.72914314,6,2170.147949
27.38591957,50,8973.584961
27.38591957,50,8973.584961
9.89068985,71,6365.286621
25.95002556,20,6298.344727
16.72914314,6,2170.147949
16.67527199,70,7862.944824
19.31177902,70,9211.404297
10,5,3470.200439
27.45972061,5,6430.401367
16.67527199,70,7862.944824
16.67527199,70,7862.944824
19.31177902,70,9211.404297
16.67527199,70,7862.944824
19.31177902,70,9211.404297
16.67527199,70,7862.944824
13.50049496,70,6942.846191
13.50049496,70,6942.846191
27.45972061,5,6430.401367
16.67527199,70,7862.944824
16.67527199,70,7862.944824
13.50049496,70,6942.846191
10,5,3470.200439
10,5,3470.200439
10,5,3470.200439
10,5,3470.200439
10,5,3470.200439
10,5,3470.200439
19.17332458,5,4284.95459
19.17332458,5,4284.95459
10,5,3470.200439
10,5,3470.200439
19.17332458,5,4284.95459
19.17332458,5,4284.95459
19.17332458,5,4284.95459
19.17332458,5,4284.95459
41.44807816,10,6270.200195
41.44807816,10,6270.200195
41.44807816,10,6270.200195
41.44807816,10,6270.200195
41.44807816,10,6270.200195
10.88930225,26,3509.80835
41.44807816,10,6270.200195
41.44807816,10,6270.200195
10.88930225,26,3509.80835
41.44807816,10,6270.200195
41.44807816,10,6270.200195
10.88930225,26,3509.80835
41.44807816,10,6270.200195
41.44807816,10,6270.200195
10.88930225,26,3509.80835
41.44807816,10,6270.200195
10.88930225,26,3509.80835
10.88930225,26,3509.80835
20.60351181,29,5243.392578
20.60351181,29,5243.392578
10.88930225,26,3509.80835
20.60351181,29,5243.392578
20.60351181,29,5243.392578
10.88930225,26,3509.80835
20.60351181,29,5243.392578
20.60351181,29,5243.392578
10.88930225,26,3509.80835
20.60351181,29,5243.392578
20.60351181,29,5243.392578
10.88930225,26,3509.80835
20.60351181,29,5243.392578
20.60351181,29,5243.392578
10.88930225,26,3509.80835
20.60351181,29,5243.392578
20.60351181,29,5243.392578
10.88930225,26,3509.80835
20.60351181,29,5243.392578
20.60351181,29,5243.392578
10.88930225,26,3509.80835
20.60351181,29,5243.392578
16.90372276,30,4859.668457
20.60351181,29,5243.392578
10.88930225,26,3509.80835
20.60351181,29,5243.392578
20.60351181,29,5243.392578
10.88930225,26,3509.80835
20.60351181,29,5243.392578
10.88930225,26,3509.80835
20.60351181,29,5243.392578
20.60351181,29,5243.392578
16.90372276,30,4859.668457
16.90372276,30,4859.668457
19.52897453,29,5102.926758
20.60351181,29,5243.392578
16.90372276,30,4859.668457
19.52897453,29,5102.926758
10,5,3470.200439
10,5,3470.200439
10,5,3470.200439
10,5,3470.200439
10,5,3470.200439
10,5,3470.200439
10,5,3470.200439
10,5,3470.200439
10,5,3470.200439
10,5,3470.200439
10,5,3470.200439
10,5,3470.200439
10,5,3470.200439
10,5,3470.200439
10,5,3470.200439
10,5,3470.200439
10,5,3470.200439
10,5,3470.200439
10,5,3470.200439
10,5,3470.200439
10,5,3470.200439
10,5,3470.200439
10,5,3470.200439
10,5,3470.200439
10,5,3470.200439
10,5,3470.200439
10,5,3470.200439
10,5,3470.200439
10,5,3470.200439
10,5,3470.200439
10,5,3470.200439
10,5,3470.200439
10,5,3470.200439
10,5,3470.200439
10,5,3470.200439
10,5,3470.200439
10,5,3470.200439
10,5,3470.200439
13.84058094,72,7140.430176
10,5,3470.200439
10,5,3470.200439
16.22093201,65,6598.986328
10,5,3470.200439
10,5,3470.200439
10,5,3470.200439
10,5,3470.200439
14.08566475,56,6363.762207
10,5,3470.200439
10,5,3470.200439
10,5,3470.200439
10,5,3470.200439
14.08566475,56,6363.762207
10,5,3470.200439
10,5,3470.200439
10,5,3470.200439
10,5,3470.200439
16.22093201,65,6598.986328
19.35118103,65,7763.019043
16.22093201,65,6598.986328
19.35118103,65,7763.019043
10,5,3470.200439
10,5,3470.200439
10,5,3470.200439
10,5,3470.200439
10,5,3470.200439
10,5,3470.200439
10,5,3470.200439
10,5,3470.200439
10,5,3470.200439
10,5,3470.200439
10,5,3470.200439
10,5,3470.200439
10,5,3470.200439
10,5,3470.200439
10,5,3470.200439
10,5,3470.200439
10,5,3470.200439
10,5,3470.200439
10,5,3470.200439
10,5,3470.200439
10,5,3470.200439
10,5,3470.200439
10,5,3470.200439
10,5,3470.200439
10,5,3470.200439
10,5,3470.200439
10,5,3470.200439
10,5,3470.200439
10,5,3470.200439
10,5,3470.200439
10,5,3470.200439
10,5,3470.200439
9.186551094,12,2934.171631
9.186551094,12,2934.171631
9.186551094,12,2934.171631
9.186551094,12,2934.171631
9.186551094,12,2934.171631
9.186551094,12,2934.171631
9.186551094,12,2934.171631
9.186551094,12,2934.171631
9.186551094,12,2934.171631
9.186551094,12,2934.171631
9.186551094,12,2934.171631
9.186551094,12,2934.171631
9.186551094,12,2934.171631
9.186551094,12,2934.171631
9.186551094,12,2934.171631
9.186551094,12,2934.171631
9.186551094,12,2934.171631
9.186551094,12,2934.171631
9.186551094,12,2934.171631
9.186551094,12,2934.171631
9.186551094,12,2934.171631
9.186551094,12,2934.171631
9.186551094,12,2934.171631
9.186551094,12,2934.171631
9.186551094,12,2934.171631
9.186551094,12,2934.171631
9.186551094,12,2934.171631
9.186551094,12,2934.171631
9.186551094,12,2934.171631
9.186551094,12,2934.171631
9.186551094,12,2934.171631
9.186551094,12,2934.171631
9.186551094,12,2934.171631
9.186551094,12,2934.171631
9.186551094,12,2934.171631
9.186551094,12,2934.171631
9.186551094,12,2934.171631
9.186551094,12,2934.171631
9.186551094,12,2934.171631
9.186551094,12,2934.171631
9.186551094,12,2934.171631
14.23052216,12,4208.700195
14.23052216,12,4208.700195
14.23052216,12,4208.700195
14.23052216,12,4208.700195
14.23052216,12,4208.700195
9.186551094,12,2934.171631
9.186551094,12,2934.171631
14.23052216,12,4208.700195
14.23052216,12,4208.700195
9.186551094,12,2934.171631
8.29061985,16,2939.949463
14.23052216,12,4208.700195
14.23052216,12,4208.700195
9.186551094,12,2934.171631
8.29061985,16,2939.949463
14.23052216,12,4208.700195
9.186551094,12,2934.171631
8.29061985,16,2939.949463
9.186551094,12,2934.171631
14.23052216,12,4208.700195
9.186551094,12,2934.171631
8.29061985,16,2939.949463
9.186551094,12,2934.171631
10,5,3470.200439
8.29061985,16,2939.949463
9.186551094,12,2934.171631
14.23052216,12,4208.700195
14.23052216,12,4208.700195
9.186551094,12,2934.171631
9.186551094,12,2934.171631
9.186551094,12,2934.171631
9.186551094,12,2934.171631
14.23052216,12,4208.700195
14.23052216,12,4208.700195
43.01111984,10,9294.96582
8.29061985,16,2939.949463
43.01111984,10,9294.96582
9.186551094,12,2934.171631
9.186551094,12,2934.171631
9.186551094,12,2934.171631
9.186551094,12,2934.171631
9.186551094,12,2934.171631
9.186551094,12,2934.171631
9.186551094,12,2934.171631
14.23052216,12,4208.700195
8.29061985,16,2939.949463
9.186551094,12,2934.171631
9.186551094,12,2934.171631
14.23052216,12,4208.700195
8.29061985,16,2939.949463
9.186551094,12,2934.171631
14.23052216,12,4208.700195
8.29061985,16,2939.949463
14.23052216,12,4208.700195
8.380192757,8,2117.374023
8.380192757,8,2117.374023
9.186551094,12,2934.171631
9.186551094,12,2934.171631
8.380192757,8,2117.374023
8.380192757,8,2117.374023
8.380192757,8,2117.374023
9.186551094,12,2934.171631
9.186551094,12,2934.171631
9.186551094,12,2934.171631
9.186551094,12,2934.171631
8.380192757,8,2117.374023
9.186551094,12,2934.171631
43.01111984,10,9294.96582
14.23052216,12,4208.700195
14.23052216,12,4208.700195
9.186551094,12,2934.171631
8.380192757,8,2117.374023
14.23052216,12,4208.700195
14.23052216,12,4208.700195
8.29061985,16,2939.949463
8.380192757,8,2117.374023
43.01111984,10,9294.96582
9.186551094,12,2934.171631
9.186551094,12,2934.171631
9.186551094,12,2934.171631
14.23052216,12,4208.700195
8.29061985,16,2939.949463
9.186551094,12,2934.171631
14.23052216,12,4208.700195
8.29061985,16,2939.949463
14.23052216,12,4208.700195
14.23052216,12,4208.700195
29.20797539,10,6987.436035
9.186551094,12,2934.171631
14.23052216,12,4208.700195
29.20797539,10,6987.436035
9.186551094,12,2934.171631
16.66935921,65,6790.518066
16.66935921,65,6790.518066
19.35118103,65,7763.019043
16.66935921,65,6790.518066
19.35118103,65,7763.019043
16.66935921,65,6790.518066
20.39814758,42,6953.370605
20.39814758,42,6953.370605
20.39814758,42,6953.370605
20.39814758,42,6953.370605
20.39814758,42,6953.370605
20.39814758,42,6953.370605
20.39814758,42,6953.370605
20.39814758,42,6953.370605
14.08566475,56,6363.762207
20.39814758,42,6953.370605
14.08566475,56,6363.762207
20.39814758,42,6953.370605
14.08566475,56,6363.762207
20.39814758,42,6953.370605
14.08566475,56,6363.762207
20.39814758,42,6953.370605
20.39814758,42,6953.370605
29.15743256,35,7713.327148
20.39814758,42,6953.370605
25.38798714,32,7236.024902
25.38798714,32,7236.024902
25.38798714,32,7236.024902
20.39814758,42,6953.370605
25.38798714,32,7236.024902
25.38798714,32,7236.024902
25.38798714,32,7236.024902
16.8315506,54,6538.203613
16.8315506,54,6538.203613
10,5,3470.200439
10,5,3470.200439
10.88928318,26,3509.80835
10,5,3470.200439
10.88928318,26,3509.80835
10,5,3470.200439
10.88928318,26,3509.80835
10,5,3470.200439
10.88928318,26,3509.80835
10,5,3470.200439
10.88928318,26,3509.80835
10,5,3470.200439
10.88928318,26,3509.80835
10,5,3470.200439
10.88928318,26,3509.80835
10.88928318,26,3509.80835
10.88928318,26,3509.80835
10,5,3470.200439
10.88928318,26,3509.80835
10.88928318,26,3509.80835
10.88928318,26,3509.80835
10,5,3470.200439
10.88928318,26,3509.80835
10.88928318,26,3509.80835
10.88928318,26,3509.80835
10,5,3470.200439
10.88928318,26,3509.80835
10.88928318,26,3509.80835
10.88928318,26,3509.80835
16.6061058,80,9496.889648
18.39581871,60,7361.351074
16.6061058,80,9496.889648
10,5,3470.200439
18.39581871,60,7361.351074
10,5,3470.200439
16.6061058,80,9496.889648
10,5,3470.200439
16.6061058,80,9496.889648
10,5,3470.200439
16.6061058,80,9496.889648
18.39581871,60,7361.351074
10,5,3470.200439
16.6061058,80,9496.889648
18.39581871,60,7361.351074
18.39581871,60,7361.351074
18.39581871,60,7361.351074
18.39581871,60,7361.351074
10,5,3470.200439
8.396873474,53,5156.891113
18.39581871,60,7361.351074
8.396873474,53,5156.891113
16.6061058,80,9496.889648
8.396873474,53,5156.891113
18.39581871,60,7361.351074
10,5,3470.200439
10,5,3470.200439
8.396873474,53,5156.891113
8.396873474,53,5156.891113
8.396873474,53,5156.891113
10,5,3470.200439
10,5,3470.200439
10,5,3470.200439
10,5,3470.200439
10,5,3470.200439
10,5,3470.200439
10,5,3470.200439
14.00779343,5,3790.602539
10,5,3470.200439
14.00779343,5,3790.602539
9.102334023,79,6547.679199
11.01992512,61,5948.388184
10.02470779,61,6623.888672
10,5,3470.200439
14.00779343,5,3790.602539
9.102334023,79,6547.679199
11.01992512,61,5948.388184
10.02470779,61,6623.888672
10,5,3470.200439
14.00779343,5,3790.602539
9.102334023,79,6547.679199
11.01992512,61,5948.388184
10.02470779,61,6623.888672
10,5,3470.200439
14.00779343,5,3790.602539
9.102334023,79,6547.679199
11.01992512,61,5948.388184
10.02470779,61,6623.888672
10.02470779,61,6623.888672
11.01992512,61,5948.388184
9.102334023,79,6547.679199
14.00779343,5,3790.602539
10,5,3470.200439
20.51828766,45,6966.183594
10.02470779,61,6623.888672
11.01992512,61,5948.388184
9.102334023,79,6547.679199
14.00779343,5,3790.602539
10,5,3470.200439
20.51828766,45,6966.183594
14.00779343,5,3790.602539
20.51828766,45,6966.183594
9.999290466,5,3470.199951
9.999290466,5,3470.199951
9.999290466,5,3470.199951
9.999290466,5,3470.199951
10,5,3470.200439
10,5,3470.200439
10,5,3470.200439
10,5,3470.200439
10,5,3470.200439
10,5,3470.200439
10,5,3470.200439
45.45470047,5,6582.199707
10,5,3470.200439
45.45470047,5,6582.199707
10,5,3470.200439
10,5,3470.200439
10,5,3470.200439
45.45470047,5,6582.199707
18.24590111,5,3942.401611
18.24590111,5,3942.401611
45.45470047,5,6582.199707
10,5,3470.200439
18.24590111,5,3942.401611
45.45470047,5,6582.199707
10,5,3470.200439
18.24590111,5,3942.401611
45.45470047,5,6582.199707
10,5,3470.200439
18.24590111,5,3942.401611
45.45470047,5,6582.199707
10,5,3470.200439
18.24590111,5,3942.401611
45.45470047,5,6582.199707
10,5,3470.200439
18.24590111,5,3942.401611
10,5,3470.200439
10,5,3470.200439
18.24590111,5,3942.401611
18.24590111,5,3942.401611
10,5,3470.200439
18.24590111,5,3942.401611
18.24590111,5,3942.401611
18.24590111,5,3942.401611
18.24590111,5,3942.401611
18.24590111,5,3942.401611
10,5,3470.200439
25.95002556,20,6298.344727
25.95002556,20,6298.344727
10,5,3470.200439
10,5,3470.200439
10,5,3470.200439
10,5,3470.200439
10,5,3470.200439
10,5,3470.200439
10,5,3470.200439
10,5,3470.200439
10,5,3470.200439
10,5,3470.200439
10,5,3470.200439
10,5,3470.200439
10,5,3470.200439
10,5,3470.200439
10,5,3470.200439
10,5,3470.200439
10,5,3470.200439
19.31177902,70,9211.404297
19.31177902,70,9211.404297
13.50049496,70,6942.846191
27.45972061,5,6430.401367
19.31177902,70,9211.404297
19.31177902,70,9211.404297
29.98444557,5,5953.808594
47.30101776,10,6384.435059
19.31177902,70,9211.404297
41.58937454,5,5382.641113
19.31177902,70,9211.404297
47.30101776,10,6384.435059
19.31177902,70,9211.404297
35.58111954,5,4474.569336
19.31177902,70,9211.404297
41.58937454,5,5382.641113
41.58937454,5,5382.641113
10,5,3470.200439
41.58937454,5,5382.641113
57.75774765,5,7609.104492
48.22655869,15,3802.519531
48.22655869,15,3802.519531
6.103415012,26,3332.544922
6.103415012,26,3332.544922
10,5,3470.200439
10,5,3470.200439
10,5,3470.200439
10,5,3470.200439
10,5,3470.200439
10,5,3470.200439
10,5,3470.200439
6.103415012,26,3332.544922
10,5,3470.200439
6.103415012,26,3332.544922
6.103415012,26,3332.544922
10,5,3470.200439
6.103415012,26,3332.544922
10,5,3470.200439
11.24586964,51,5619.000977
11.24586964,51,5619.000977
10,5,3470.200439
11.24586964,51,5619.000977
11.24586964,51,5619.000977
10,5,3470.200439
11.67621136,63,6298.344727
25.95002556,20,6298.344727
25.95002556,20,6298.344727
25.95002556,20,6298.344727
11.67621136,63,6298.344727
25.95002556,20,6298.344727
25.95002556,20,6298.344727
25.95002556,20,6298.344727
25.95002556,20,6298.344727
25.95002556,20,6298.344727
25.95002556,20,6298.344727
25.95002556,20,6298.344727
34.4702301,10,6298.344727
10,5,3470.200439
9.641415596,31,4159.263184
10,5,3470.200439
10,5,3470.200439
9.641415596,31,4159.263184
10,5,3470.200439
9.641415596,31,4159.263184
10,5,3470.200439
9.641415596,31,4159.263184
9.641521454,31,4159.263184
9.641521454,31,4159.263184
10,5,3470.200439
9.641415596,31,4159.263184
9.641521454,31,4159.263184
9.641521454,31,4159.263184
10,5,3470.200439
9.641415596,31,4159.263184
9.641521454,31,4159.263184
9.641521454,31,4159.263184
12.06321907,34,4610.435547
12.06321907,34,4610.435547
12.06321907,34,4610.435547
12.06321907,34,4610.435547
12.06321907,34,4610.435547
12.06321907,34,4610.435547
12.06321907,34,4610.435547
12.06321907,34,4610.435547
12.06321907,34,4610.435547
12.06321907,34,4610.435547
12.06321907,34,4610.435547
12.06321907,34,4610.435547
12.06321907,34,4610.435547
12.06321907,34,4610.435547
12.06321907,34,4610.435547
12.06321907,34,4610.435547
12.06321907,34,4610.435547
12.06321907,34,4610.435547
12.06321907,34,4610.435547
12.06321907,34,4610.435547
12.06321907,34,4610.435547
12.06321907,34,4610.435547
12.06321907,34,4610.435547
12.06321907,34,4610.435547
12.06321907,34,4610.435547
12.06321907,34,4610.435547
12.06321907,34,4610.435547
5.014784336,28,3445.277588
12.06321907,34,4610.435547
12.06321907,34,4610.435547
12.06321907,34,4610.435547
5.014784336,28,3445.277588
5.014784336,28,3445.277588
5.014784336,28,3445.277588
5.014784336,28,3445.277588
5.014784336,28,3445.277588
5.014784336,28,3445.277588
5.014784336,28,3445.277588
5.014784336,28,3445.277588
5.014784336,28,3445.277588
25.23828697,51,8521.591797
5.014784336,28,3445.277588
25.23828697,51,8521.591797
5.014784336,28,3445.277588
25.23828697,51,8521.591797
25.23828697,51,8521.591797
25.23828697,51,8521.591797
25.23828697,51,8521.591797
25.23828697,51,8521.591797
25.23828697,51,8521.591797
25.23828697,51,8521.591797
25.23828697,51,8521.591797
25.23828697,51,8521.591797
25.23828697,51,8521.591797
25.23828697,51,8521.591797
25.23828697,51,8521.591797
25.23828697,51,8521.591797
25.23828697,51,8521.591797
17.19768143,62,7353.812988
17.19768143,62,7353.812988
10,5,3470.200439
10,5,3470.200439
10,5,3470.200439
10,5,3470.200439
10,5,3470.200439
10,5,3470.200439
10,5,3470.200439
10,5,3470.200439
24.62442017,40,8094.827148
37.36566925,5,6690.624023
10,5,3470.200439
10,5,3470.200439
10,5,3470.200439
10,5,3470.200439
10,5,3470.200439
45.69306946,5,6270.198242
45.69306946,5,6270.198242
45.69306946,5,6270.198242
45.69306946,5,6270.198242
14.0552063,30,5437.668457
14.0552063,30,5437.668457
10,5,3470.200439
10,5,3470.200439
45.69306946,5,6270.198242
10,5,3470.200439
10,5,3470.200439
10,5,3470.200439
45.69306946,5,6270.198242
14.0552063,30,5437.668457
24.62442017,40,8094.827148
24.62442017,40,8094.827148
37.36566925,5,6690.624023
37.36566925,5,6690.624023
1.134095073,5,3988.873779
1.134095073,5,3988.873779
1.134095073,5,3988.873779
1.134095073,5,3988.873779
1.134095073,5,3988.873779
1.134095073,5,3988.873779
1.134095073,5,3988.873779
24.62442017,40,8094.827148
21.80021858,15,6662.300293
21.80021858,15,6662.300293
21.80021858,15,6662.300293
21.80021858,15,6662.300293
21.80021858,15,6662.300293
7.906921387,20,4355.065918
21.80021858,15,6662.300293
17.34679031,5,3786.401367
21.80021858,15,6662.300293
17.34679031,5,3786.401367
7.906921387,20,4355.065918
17.72721481,14,10749.12402
17.72721481,14,10749.12402
17.34679031,5,3786.401367
21.80021858,15,6662.300293
7.906921387,20,4355.065918
7.906921387,20,4355.065918
21.80021858,15,6662.300293
7.906921387,20,4355.065918
21.80021858,15,6662.300293
4.945235252,20,3935.289551
21.80021858,15,6662.300293
7.906921387,20,4355.065918
4.945235252,20,3935.289551
17.34679031,5,3786.401367
17.34679031,5,3786.401367
17.34679031,5,3786.401367
9.999290466,5,3470.199951
15.00001812,25,10749.12012
7.906921387,20,4355.065918
10,5,3470.200439
10.88928318,26,3509.80835
10,5,3470.200439
10.88928318,26,3509.80835
10,5,3470.200439
10.88928318,26,3509.80835
10,5,3470.200439
10.88928318,26,3509.80835
10,5,3470.200439
10.88928318,26,3509.80835
10.88928318,26,3509.80835
10.88928318,26,3509.80835
10.88928318,26,3509.80835
10,5,3470.200439
10.88928318,26,3509.80835
10.88928318,26,3509.80835
10.88928318,26,3509.80835
10,5,3470.200439
10.88928318,26,3509.80835
10.88928318,26,3509.80835
10.88928318,26,3509.80835
10,5,3470.200439
10.88928318,26,3509.80835
10.88928318,26,3509.80835
10.88928318,26,3509.80835
10,5,3470.200439
10.88928318,26,3509.80835
10.88928318,26,3509.80835
10.88928318,26,3509.80835
10,5,3470.200439
10.88928318,26,3509.80835
10.88928318,26,3509.80835
10.88928318,26,3509.80835
10,5,3470.200439
10.88928318,26,3509.80835
10.88928318,26,3509.80835
10.88928318,26,3509.80835
10,5,3470.200439
10.88928318,26,3509.80835
10.88928318,26,3509.80835
10.88928318,26,3509.80835
10,5,3470.200439
10.88928318,26,3509.80835
10.88928318,26,3509.80835
10.88928318,26,3509.80835
10.88928318,26,3509.80835
10.88928318,26,3509.80835
10.88928318,26,3509.80835
10.88928318,26,3509.80835
10.88928318,26,3509.80835
10.88928318,26,3509.80835
10.88928318,26,3509.80835
10.88928318,26,3509.80835
10.88928318,26,3509.80835
10.88928318,26,3509.80835
10.88928318,26,3509.80835
10.88928318,26,3509.80835
10.88928318,26,3509.80835
24.8947773,30,6894.200195
24.17382813,34,7472.48584
24.8947773,30,6894.200195
24.8947773,30,6894.200195
17.19768143,62,7353.812988
17.19768143,62,7353.812988
24.8947773,30,6894.200195
24.8947773,30,6894.200195
24.8947773,30,6894.200195
10.53382015,5,1920.538086
24.8947773,30,6894.200195
24.8947773,30,6894.200195
10.53382015,5,1920.538086
24.8947773,30,6894.200195
24.8947773,30,6894.200195
17.19768143,62,7353.812988
24.8947773,30,6894.200195
17.19768143,62,7353.812988
24.8947773,30,6894.200195
24.8947773,30,6894.200195
24.17382813,34,7472.48584
25.23828697,51,8521.591797
24.17382813,34,7472.48584
25.23828697,51,8521.591797
18.39581871,60,7361.351074
18.39581871,60,7361.351074
8.396873474,53,5156.891113
8.396873474,53,5156.891113
10,5,3470.200439
18.39581871,60,7361.351074
8.396873474,53,5156.891113
10,5,3470.200439
4.340017796,80,5437.668457
4.340017796,80,5437.668457
8.437158585,32,3915.212158
8.437158585,32,3915.212158
8.437158585,32,3915.212158
8.396873474,53,5156.891113
8.396873474,53,5156.891113
8.396873474,53,5156.891113
16.6061058,80,9496.889648
16.6061058,80,9496.889648
18.39581871,60,7361.351074
18.39581871,60,7361.351074
18.39581871,60,7361.351074
24.80543518,45,7872.57666
18.39581871,60,7361.351074
24.80543518,45,7872.57666
24.80543518,45,7872.57666
24.80543518,45,7872.57666
4.340017796,80,5437.668457
24.80543518,45,7872.57666
4.340017796,80,5437.668457
24.80543518,45,7872.57666
18.39581871,60,7361.351074
24.80543518,45,7872.57666
18.39581871,60,7361.351074
18.39581871,60,7361.351074
23.55786705,45,7361.350098
18.39581871,60,7361.351074
18.39581871,60,7361.351074
23.55786705,45,7361.350098
23.55786705,45,7361.350098
23.55786705,45,7361.350098
23.55786705,45,7361.350098
8.437158585,32,3915.212158
23.55786705,45,7361.350098
23.55786705,45,7361.350098
8.437158585,32,3915.212158
23.55786705,45,7361.350098
8.396873474,53,5156.891113
23.55786705,45,7361.350098
23.55786705,45,7361.350098
31.09223938,18,6625.949707
32.69723511,18,6582.199707
21.64552307,18,5294.272461
21.64552307,18,5294.272461
21.64552307,18,5294.272461
21.64552307,18,5294.272461
21.64552307,18,5294.272461
32.69723511,18,6582.199707
32.69723511,18,6582.199707
21.64552307,18,5294.272461
32.69723511,18,6582.199707
21.64552307,18,5294.272461
32.69723511,18,6582.199707
21.64552307,18,5294.272461
10,5,3470.200439
10,5,3470.200439
10,5,3470.200439
10,5,3470.200439
10,5,3470.200439
10,5,3470.200439
24.62442017,40,8094.827148
14.0552063,30,5437.668457
24.62442017,40,8094.827148
14.0552063,30,5437.668457
10,5,3470.200439
10,5,3470.200439
45.69306946,5,6270.198242
10,5,3470.200439
10,5,3470.200439
45.69306946,5,6270.198242
24.62442017,40,8094.827148
14.0552063,30,5437.668457
29.01415634,20,6945.700195
29.01415634,20,6945.700195
29.01415634,20,6945.700195
29.01415634,20,6945.700195
29.01415634,20,6945.700195
29.01415634,20,6945.700195
29.01415634,20,6945.700195
29.01415634,20,6945.700195
29.01415634,20,6945.700195
29.01415634,20,6945.700195
29.01415634,20,6945.700195
29.01415634,20,6945.700195
20.85462952,60,7377.455078
29.01415634,20,6945.700195
14.99698639,61,6760.45459
14.99698639,61,6760.45459
29.01415634,20,6945.700195
29.01415634,20,6945.700195
29.01415634,20,6945.700195
29.01415634,20,6945.700195
20.85462952,60,7377.455078
20.85462952,60,7377.455078
20.85462952,60,7377.455078
20.85462952,60,7377.455078
30.21260071,20,7070.450195
30.21260071,20,7070.450195
30.21260071,20,7070.450195
30.21260071,20,7070.450195
30.21260071,20,7070.450195
21.63147545,50,9131.577148
21.63147545,50,9131.577148
21.63147545,50,9131.577148
45.75321198,5,6945.700195
35.34853745,15,7070.450195
35.34853745,15,7070.450195
35.34853745,15,7070.450195
29.01415634,20,6945.700195
29.01415634,20,6945.700195
30.21260071,20,7070.450195
20.85462952,60,7377.455078
30.21260071,20,7070.450195
20.85462952,60,7377.455078
10,5,3470.200439
20.85462952,60,7377.455078
10,5,3470.200439
10,5,3470.200439
20.85462952,60,7377.455078
32.31547928,40,8035.461426
32.31547928,40,8035.461426
10,5,3470.200439
32.31547928,40,8035.461426
10,5,3470.200439
10,5,3470.200439
27.60785294,20,5243.392578
12.13942242,41,5188.440918
10,5,3470.200439
27.60785294,20,5243.392578
14.07110596,32,4738.141113
14.07110596,32,4738.141113
27.60785294,20,5243.392578
16.61073685,51,6523.012695
27.60785294,20,5243.392578
27.62350655,20,5243.392578
16.6108036,51,6523.012695
16.61073685,51,6523.012695
17.44624329,32,5102.926758
19.0844326,31,5243.392578
10,5,3470.200439
17.44624329,32,5102.926758
19.0844326,31,5243.392578
10,5,3470.200439
17.44624329,32,5102.926758
19.0844326,31,5243.392578
10,5,3470.200439
20.59130287,38,6154.385742
16.6108036,51,6523.012695
14.07110596,32,4738.141113
14.07110596,32,4738.141113
14.07110596,32,4738.141113
17.99254608,35,5452.767578
17.44624329,32,5102.926758
27.60785294,20,5243.392578
16.61073685,51,6523.012695
13.39027119,7,4318.766113
13.39027119,7,4318.766113
13.39027119,7,4318.766113
27.23882103,35,6953.6875
16.61073685,51,6523.012695
14.07110596,32,4738.141113
14.07110596,32,4738.141113
14.07110596,32,4738.141113
41.44807816,10,6270.200195
41.44807816,10,6270.200195
17.28370094,5,5026.200195
17.28370094,5,5026.200195
17.28370094,5,5026.200195
17.28370094,5,5026.200195
10.88930225,26,3509.80835
20.60351181,29,5243.392578
20.60351181,29,5243.392578
10.88930225,26,3509.80835
20.60351181,29,5243.392578
20.60351181,29,5243.392578
10.88930225,26,3509.80835
7.139707088,21,3126.083984
7.139707088,21,3126.083984
17.28370094,5,5026.200195
41.44807816,10,6270.200195
10.88930225,26,3509.80835
10.88930225,26,3509.80835
41.44807816,10,6270.200195
10,5,3470.200439
10,5,3470.200439
32.69723511,18,6582.199707
32.69723511,18,6582.199707
32.69723511,18,6582.199707
32.69723511,18,6582.199707
31.09223938,18,6625.949707
10,5,3470.200439
10,5,3470.200439
10,5,3470.200439
10,5,3470.200439
10,5,3470.200439
10,5,3470.200439
10,5,3470.200439
10,5,3470.200439
10,5,3470.200439
10,5,3470.200439
10,5,3470.200439
10,5,3470.200439
10,5,3470.200439
10,5,3470.200439
10,5,3470.200439
10,5,3470.200439
10,5,3470.200439
17.72721481,14,10749.12402
9.999290466,5,3470.199951
10,5,3470.200439
10,5,3470.200439
16.66935921,65,6790.518066
10,5,3470.200439
10,5,3470.200439
16.66935921,65,6790.518066
20.39814758,42,6953.370605
16.22093201,65,6598.986328
20.39814758,42,6953.370605
16.22093201,65,6598.986328
10,5,3470.200439
10,5,3470.200439
16.66935921,65,6790.518066
10,5,3470.200439
10,5,3470.200439
5.936053276,65,5278.418457
10,5,3470.200439
10,5,3470.200439
16.22093201,65,6598.986328
10,5,3470.200439
10,5,3470.200439
16.22093201,65,6598.986328
16.66935921,65,6790.518066
19.35118103,65,7763.019043
16.66935921,65,6790.518066
19.35118103,65,7763.019043
16.66935921,65,6790.518066
19.35118103,65,7763.019043
16.66935921,65,6790.518066
14.08566475,56,6363.762207
19.35118103,65,7763.019043
10,5,3470.200439
10,5,3470.200439
19.35118103,65,7763.019043
10,5,3470.200439
10,5,3470.200439
10,5,3470.200439
19.35118103,65,7763.019043
16.66935921,65,6790.518066
10,5,3470.200439
19.35118103,65,7763.019043
16.66935921,65,6790.518066
19.35118103,65,7763.019043
16.66935921,65,6790.518066
16.66935921,65,6790.518066
20.39814758,42,6953.370605
16.66935921,65,6790.518066
20.39814758,42,6953.370605
20.39814758,42,6953.370605
19.35118103,65,7763.019043
20.39814758,42,6953.370605
19.35118103,65,7763.019043
20.39814758,42,6953.370605
19.35118103,65,7763.019043
20.39814758,42,6953.370605
10,5,3470.200439
10,5,3470.200439
20.39814758,42,6953.370605
10,5,3470.200439
10,5,3470.200439
20.39814758,42,6953.370605
14.08566475,56,6363.762207
20.39814758,42,6953.370605
14.08566475,56,6363.762207
20.39814758,42,6953.370605
14.08566475,56,6363.762207
20.39814758,42,6953.370605
13.84058094,72,7140.430176
20.39814758,42,6953.370605
13.84058094,72,7140.430176
16.66935921,65,6790.518066
14.08566475,56,6363.762207
14.08566475,56,6363.762207
5.936053276,65,5278.418457
14.08566475,56,6363.762207
5.936053276,65,5278.418457
5.936053276,65,5278.418457
16.22093201,65,6598.986328
19.35118103,65,7763.019043
16.22093201,65,6598.986328
19.35118103,65,7763.019043
16.22093201,65,6598.986328
16.22093201,65,6598.986328
13.84058094,72,7140.430176
16.22093201,65,6598.986328
13.84058094,72,7140.430176
20.39814758,42,6953.370605
5.936053276,65,5278.418457
20.39814758,42,6953.370605
5.936053276,65,5278.418457
13.84058094,72,7140.430176
19.35118103,65,7763.019043
13.84058094,72,7140.430176
19.35118103,65,7763.019043
13.84058094,72,7140.430176
19.35118103,65,7763.019043
19.35118103,65,7763.019043
5.936053276,65,5278.418457
19.35118103,65,7763.019043
5.936053276,65,5278.418457
19.35118103,65,7763.019043
5.936053276,65,5278.418457
19.35118103,65,7763.019043
16.66935921,65,6790.518066
19.35118103,65,7763.019043
16.66935921,65,6790.518066
19.35118103,65,7763.019043
16.22093201,65,6598.986328
19.35118103,65,7763.019043
16.22093201,65,6598.986328
19.35118103,65,7763.019043
16.22093201,65,6598.986328
20.39814758,42,6953.370605
16.66935921,65,6790.518066
20.39814758,42,6953.370605
16.66935921,65,6790.518066
20.39814758,42,6953.370605
19.35118103,65,7763.019043
20.39814758,42,6953.370605
19.35118103,65,7763.019043
20.39814758,42,6953.370605
19.35118103,65,7763.019043
20.39814758,42,6953.370605
19.35118103,65,7763.019043
20.39814758,42,6953.370605
14.08566475,56,6363.762207
20.39814758,42,6953.370605
10.10049725,75,6438.810059
20.39814758,42,6953.370605
10.10049725,75,6438.810059
20.39814758,42,6953.370605
5.936053276,65,5278.418457
20.39814758,42,6953.370605
14.08566475,56,6363.762207
20.39814758,42,6953.370605
14.08566475,56,6363.762207
20.39814758,42,6953.370605
16.22093201,65,6598.986328
20.39814758,42,6953.370605
16.22093201,65,6598.986328
20.39814758,42,6953.370605
16.66935921,65,6790.518066
20.39814758,42,6953.370605
16.66935921,65,6790.518066
20.39814758,42,6953.370605
16.66935921,65,6790.518066
20.39814758,42,6953.370605
19.35118103,65,7763.019043
20.39814758,42,6953.370605
19.35118103,65,7763.019043
20.39814758,42,6953.370605
20.39814758,42,6953.370605
20.39814758,42,6953.370605
20.39814758,42,6953.370605
10,5,3470.200439
20.39814758,42,6953.370605
20.39814758,42,6953.370605
10,5,3470.200439
29.15743256,35,7713.327148
29.15743256,35,7713.327148
29.15743256,35,7713.327148
16.66935921,65,6790.518066
25.38798714,32,7236.024902
16.66935921,65,6790.518066
25.38798714,32,7236.024902
16.66935921,65,6790.518066
25.38798714,32,7236.024902
25.38798714,32,7236.024902
25.38798714,32,7236.024902
25.38798714,32,7236.024902
25.38798714,32,7236.024902
25.38798714,32,7236.024902
20.39814758,42,6953.370605
20.39814758,42,6953.370605
20.39814758,42,6953.370605
20.39814758,42,6953.370605
29.15743256,35,7713.327148
16.66935921,65,6790.518066
29.15743256,35,7713.327148
16.22093201,65,6598.986328
29.15743256,35,7713.327148
16.22093201,65,6598.986328
29.15743256,35,7713.327148
19.35118103,65,7763.019043
29.15743256,35,7713.327148
13.84058094,72,7140.430176
29.15743256,35,7713.327148
13.84058094,72,7140.430176
29.15743256,35,7713.327148
13.84058094,72,7140.430176
29.15743256,35,7713.327148
13.84058094,72,7140.430176
29.15743256,35,7713.327148
16.66935921,65,6790.518066
29.15743256,35,7713.327148
16.66935921,65,6790.518066
29.15743256,35,7713.327148
16.66935921,65,6790.518066
29.15743256,35,7713.327148
16.66935921,65,6790.518066
29.15743256,35,7713.327148
14.08566475,56,6363.762207
29.15743256,35,7713.327148
14.08566475,56,6363.762207
29.15743256,35,7713.327148
14.08566475,56,6363.762207
20.39814758,42,6953.370605
20.39814758,42,6953.370605
20.39814758,42,6953.370605
20.39814758,42,6953.370605
20.39814758,42,6953.370605
19.35118103,65,7763.019043
20.39814758,42,6953.370605
19.35118103,65,7763.019043
20.39814758,42,6953.370605
19.35118103,65,7763.019043
20.39814758,42,6953.370605
29.15743256,35,7713.327148
20.39814758,42,6953.370605
29.15743256,35,7713.327148
20.39814758,42,6953.370605
29.15743256,35,7713.327148
20.39814758,42,6953.370605
20.39814758,42,6953.370605
25.38798714,32,7236.024902
25.38798714,32,7236.024902
25.38798714,32,7236.024902
25.38798714,32,7236.024902
20.39814758,42,6953.370605
25.38798714,32,7236.024902
20.39814758,42,6953.370605
25.38798714,32,7236.024902
16.8315506,54,6538.203613
16.8315506,54,6538.203613
16.8315506,54,6538.203613
20.39814758,42,6953.370605
16.8315506,54,6538.203613
20.39814758,42,6953.370605
16.8315506,54,6538.203613
25.38798714,32,7236.024902
16.8315506,54,6538.203613
25.38798714,32,7236.024902
16.8315506,54,6538.203613
29.15743256,35,7713.327148
16.8315506,54,6538.203613
29.15743256,35,7713.327148
16.8315506,54,6538.203613
16.22093201,65,6598.986328
16.8315506,54,6538.203613
16.22093201,65,6598.986328
10,5,3470.200439
10,5,3470.200439
10,5,3470.200439
10,5,3470.200439
10,5,3470.200439
10,5,3470.200439
10,5,3470.200439
10,5,3470.200439
10,5,3470.200439
10,5,3470.200439
10,5,3470.200439
10,5,3470.200439
10,5,3470.200439
10,5,3470.200439
10,5,3470.200439
10,5,3470.200439
10,5,3470.200439
10,5,3470.200439
10,5,3470.200439
10,5,3470.200439
19.17332458,5,4284.95459
19.17332458,5,4284.95459
10,5,3470.200439
10,5,3470.200439
19.17332458,5,4284.95459
19.17332458,5,4284.95459
19.17332458,5,4284.95459
19.17332458,5,4284.95459
19.17332458,5,4284.95459
19.17332458,5,4284.95459
19.17332458,5,4284.95459
19.17332458,5,4284.95459
19.17332458,5,4284.95459
19.17332458,5,4284.95459
19.17332458,5,4284.95459
19.17332458,5,4284.95459
19.17332458,5,4284.95459
19.17332458,5,4284.95459
19.17332458,5,4284.95459
19.17332458,5,4284.95459
19.17332458,5,4284.95459
19.17332458,5,4284.95459
10,5,3470.200439
10,5,3470.200439
10,5,3470.200439
10,5,3470.200439
10,5,3470.200439
10,5,3470.200439
10,5,3470.200439
10,5,3470.200439
10,5,3470.200439
10,5,3470.200439
10,5,3470.200439
10,5,3470.200439
10,5,3470.200439
10,5,3470.200439
10,5,3470.200439
10,5,3470.200439
10,5,3470.200439
10,5,3470.200439
10,5,3470.200439
10,5,3470.200439
10,5,3470.200439
10,5,3470.200439
10,5,3470.200439
10,5,3470.200439
10,5,3470.200439
10,5,3470.200439
10,5,3470.200439
10,5,3470.200439
10,5,3470.200439
10,5,3470.200439
19.17332458,5,4284.95459
19.17332458,5,4284.95459
10,5,3470.200439
19.17332458,5,4284.95459
19.17332458,5,4284.95459
10,5,3470.200439
19.17332458,5,4284.95459
19.17332458,5,4284.95459
19.17332458,5,4284.95459
19.17332458,5,4284.95459
19.17332458,5,4284.95459
19.17332458,5,4284.95459
10,5,3470.200439
19.17332458,5,4284.95459
19.17332458,5,4284.95459
19.17332458,5,4284.95459
19.17332458,5,4284.95459
19.17332458,5,4284.95459
19.17332458,5,4284.95459
19.17332458,5,4284.95459
19.17332458,5,4284.95459
19.17332458,5,4284.95459
11.21867847,20,4284.958984
19.17332458,5,4284.95459
19.17332458,5,4284.95459
11.21867847,20,4284.958984
10,5,3470.200439
19.17332458,5,4284.95459
19.17332458,5,4284.95459
11.21867847,20,4284.958984
20.32730484,10,5150.19873
20.32730484,10,5150.19873
19.17332458,5,4284.95459
20.32730484,10,5150.19873
20.32730484,10,5150.19873
19.17332458,5,4284.95459
22.84686852,60,8804.245117
14.23052216,12,4208.700195
14.23052216,12,4208.700195
14.23052216,12,4208.700195
14.23052216,12,4208.700195
14.23052216,12,4208.700195
8.29061985,16,2939.949463
8.29061985,16,2939.949463
14.23052216,12,4208.700195
8.29061985,16,2939.949463
8.29061985,16,2939.949463
9.186551094,12,2934.171631
43.01111984,10,9294.96582
14.23052216,12,4208.700195
43.01111984,10,9294.96582
8.29061985,16,2939.949463
43.01111984,10,9294.96582
9.186551094,12,2934.171631
9.186551094,12,2934.171631
8.29061985,16,2939.949463
8.29061985,16,2939.949463
8.380192757,8,2117.374023
9.186551094,12,2934.171631
9.186551094,12,2934.171631
8.29061985,16,2939.949463
8.29061985,16,2939.949463
8.380192757,8,2117.374023
9.186551094,12,2934.171631
8.29061985,16,2939.949463
43.01111984,10,9294.96582
8.29061985,16,2939.949463
29.20797539,10,6987.436035
14.23052216,12,4208.700195
10,5,3470.200439
10,5,3470.200439
10,5,3470.200439
10,5,3470.200439
10,5,3470.200439
10,5,3470.200439
10,5,3470.200439
10,5,3470.200439
10,5,3470.200439
10,5,3470.200439
10,5,3470.200439
10,5,3470.200439
10,5,3470.200439
10,5,3470.200439
10,5,3470.200439
10,5,3470.200439
10,5,3470.200439
10,5,3470.200439
10,5,3470.200439
10,5,3470.200439
10,5,3470.200439
10,5,3470.200439
10,5,3470.200439
10,5,3470.200439
10,5,3470.200439
10,5,3470.200439
50.58530807,5,9216.141602
50.58530807,5,9216.141602
50.58530807,5,9216.141602
50.58530807,5,9216.141602
50.58530807,5,9216.141602
50.58530807,5,9216.141602
59.66614914,5,7669.691406
59.66614914,5,7669.691406
10,5,3470.200439
59.66614914,5,7669.691406
59.66614914,5,7669.691406
10,5,3470.200439
59.66614914,5,7669.691406
10,5,3470.200439
10,5,3470.200439
51.35989761,5,6553.562012
7.728058815,5,4145.700195
7.728058815,5,4145.700195
7.728058815,5,4145.700195
7.728058815,5,4145.700195
7.728058815,5,4145.700195
7.728058815,5,4145.700195
7.728058815,5,4145.700195
7.728058815,5,4145.700195
10,5,3470.200439
50.58530807,5,9216.141602
50.58530807,5,9216.141602
7.728058815,5,4145.700195
51.35989761,5,6553.562012
51.35989761,5,6553.562012
50.58530807,5,9216.141602
50.41148376,5,6340.180176
50.41148376,5,6340.180176
50.41148376,5,6340.180176
10,5,3470.200439
18.24590111,5,3942.401611
18.24590111,5,3942.401611
10,5,3470.200439
18.24590111,5,3942.401611
18.24590111,5,3942.401611
19.27822876,46,6736.39502
18.24590111,5,3942.401611
18.24590111,5,3942.401611
19.27822876,46,6736.39502
19.27822876,46,6736.39502
17.05744934,5,3630.401367
17.05744934,5,3630.401367
19.27822876,46,6736.39502
24.48331833,30,6582.199707
24.48331833,30,6582.199707
24.48331833,30,6582.199707
24.48331833,30,6582.199707
24.48331833,30,6582.199707
24.48331833,30,6582.199707
24.48331833,30,6582.199707
10,5,3470.200439
24.48331833,30,6582.199707
24.48331833,30,6582.199707
19.27822876,46,6736.39502
19.27822876,46,6736.39502
19.27822876,46,6736.39502
24.48331833,30,6582.199707
19.27822876,46,6736.39502
24.48331833,30,6582.199707
24.48331833,30,6582.199707
24.48331833,30,6582.199707
24.48331833,30,6582.199707
24.48331833,30,6582.199707
24.48331833,30,6582.199707
24.48331833,30,6582.199707
24.48331833,30,6582.199707
24.48331833,30,6582.199707
24.48331833,30,6582.199707
24.48331833,30,6582.199707
22.26800728,40,7053.73584
24.48331833,30,6582.199707
22.26800728,40,7053.73584
22.26800728,40,7053.73584
19.27822876,46,6736.39502
22.26800728,40,7053.73584
24.48331833,30,6582.199707
22.26800728,40,7053.73584
22.26800728,40,7053.73584
17.28370094,5,5026.200195
20.60351181,29,5243.392578
20.60351181,29,5243.392578
41.44807816,10,6270.200195
17.28370094,5,5026.200195
10.88930225,26,3509.80835
41.44807816,10,6270.200195
17.28370094,5,5026.200195
10.88930225,26,3509.80835
41.44807816,10,6270.200195
17.28370094,5,5026.200195
20.60351181,29,5243.392578
20.60351181,29,5243.392578
20.60351181,29,5243.392578
20.60351181,29,5243.392578
20.60351181,29,5243.392578
20.60351181,29,5243.392578
10.88930225,26,3509.80835
20.60351181,29,5243.392578
10.88930225,26,3509.80835
20.60351181,29,5243.392578
10.88930225,26,3509.80835
10.88930225,26,3509.80835
41.44807816,10,6270.200195
17.28370094,5,5026.200195
7.139707088,21,3126.083984
41.44807816,10,6270.200195
17.28370094,5,5026.200195
7.139707088,21,3126.083984
41.44807816,10,6270.200195
17.28370094,5,5026.200195
7.139707088,21,3126.083984
19.52897453,29,5102.926758
16.90372276,30,4859.668457
16.90372276,30,4859.668457
20.60351181,29,5243.392578
10.88930225,26,3509.80835
20.60351181,29,5243.392578
20.60351181,29,5243.392578
10.88930225,26,3509.80835
20.60351181,29,5243.392578
20.60351181,29,5243.392578
20.60351181,29,5243.392578
19.52897453,29,5102.926758
20.60351181,29,5243.392578
19.52897453,29,5102.926758
19.52897453,29,5102.926758
