time_max,bin_id,bincount,xbin,ybin,zbin,rangemin,rangemax,capacitymin,capacitymax,costmin,costmax,binrangemin,binrangemax,bincapacitymin,bincapacitymax,bincostmin,bincostmax
2,1,47,0,0,0,0,69,0,99,1920,16000,0,6.9,0,9.9,1920,3328
2,2,3,1,0,0,0,69,0,99,1920,16000,6.9,13.8,0,9.9,1920,3328
2,3,4,0,1,0,0,69,0,99,1920,16000,0,6.9,9.9,19.8,1920,3328
2,4,1,1,2,0,0,69,0,99,1920,16000,6.9,13.8,19.8,29.7,1920,3328
2,5,2,0,0,1,0,69,0,99,1920,16000,0,6.9,0,9.9,3328,4736
2,6,1,1,0,1,0,69,0,99,1920,16000,6.9,13.8,0,9.9,3328,4736
2,7,2,2,0,1,0,69,0,99,1920,16000,13.8,20.7,0,9.9,3328,4736
2,8,1,1,1,1,0,69,0,99,1920,16000,6.9,13.8,9.9,19.8,3328,4736
2,9,4,0,2,1,0,69,0,99,1920,16000,0,6.9,19.8,29.7,3328,4736
2,10,5,1,2,1,0,69,0,99,1920,16000,6.9,13.8,19.8,29.7,3328,4736
2,11,2,0,3,1,0,69,0,99,1920,16000,0,6.9,29.7,39.6,3328,4736
2,12,2,0,4,1,0,69,0,99,1920,16000,0,6.9,39.6,49.5,3328,4736
2,13,3,1,0,2,0,69,0,99,1920,16000,6.9,13.8,0,9.9,4736,6144
2,14,3,2,0,2,0,69,0,99,1920,16000,13.8,20.7,0,9.9,4736,6144
2,15,2,4,0,2,0,69,0,99,1920,16000,27.6,34.5,0,9.9,4736,6144
2,16,1,6,0,2,0,69,0,99,1920,16000,41.4,48.3,0,9.9,4736,6144
2,17,1,4,1,2,0,69,0,99,1920,16000,27.6,34.5,9.9,19.8,4736,6144
2,18,1,7,1,2,0,69,0,99,1920,16000,48.3,55.2,9.9,19.8,4736,6144
2,19,2,2,3,2,0,69,0,99,1920,16000,13.8,20.7,29.7,39.6,4736,6144
2,20,1,4,0,3,0,69,0,99,1920,16000,27.6,34.5,0,9.9,6144,7552
2,21,1,5,0,3,0,69,0,99,1920,16000,34.5,41.4,0,9.9,6144,7552
2,22,1,6,0,3,0,69,0,99,1920,16000,41.4,48.3,0,9.9,6144,7552
2,23,1,1,4,3,0,69,0,99,1920,16000,6.9,13.8,39.6,49.5,6144,7552
2,24,1,1,5,3,0,69,0,99,1920,16000,6.9,13.8,49.5,59.4,6144,7552
2,25,1,0,0,4,0,69,0,99,1920,16000,0,6.9,0,9.9,7552,8960
2,26,1,0,0,5,0,69,0,99,1920,16000,0,6.9,0,9.9,8960,10368
4,27,49,0,0,0,0,69,0,99,1920,16000,0,6.9,0,9.9,1920,3328
4,28,11,1,0,0,0,69,0,99,1920,16000,6.9,13.8,0,9.9,1920,3328
4,29,4,2,0,0,0,69,0,99,1920,16000,13.8,20.7,0,9.9,1920,3328
4,30,3,0,1,0,0,69,0,99,1920,16000,0,6.9,9.9,19.8,1920,3328
4,31,4,0,2,0,0,69,0,99,1920,16000,0,6.9,19.8,29.7,1920,3328
4,32,3,0,3,0,0,69,0,99,1920,16000,0,6.9,29.7,39.6,1920,3328
4,33,1,0,4,0,0,69,0,99,1920,16000,0,6.9,39.6,49.5,1920,3328
4,34,2,0,5,0,0,69,0,99,1920,16000,0,6.9,49.5,59.4,1920,3328
4,35,3,0,0,1,0,69,0,99,1920,16000,0,6.9,0,9.9,3328,4736
4,36,5,1,0,1,0,69,0,99,1920,16000,6.9,13.8,0,9.9,3328,4736
4,37,3,0,1,1,0,69,0,99,1920,16000,0,6.9,9.9,19.8,3328,4736
4,38,2,1,1,1,0,69,0,99,1920,16000,6.9,13.8,9.9,19.8,3328,4736
4,39,6,0,2,1,0,69,0,99,1920,16000,0,6.9,19.8,29.7,3328,4736
4,40,10,1,2,1,0,69,0,99,1920,16000,6.9,13.8,19.8,29.7,3328,4736
4,41,1,2,2,1,0,69,0,99,1920,16000,13.8,20.7,19.8,29.7,3328,4736
4,42,3,0,3,1,0,69,0,99,1920,16000,0,6.9,29.7,39.6,3328,4736
4,43,3,1,3,1,0,69,0,99,1920,16000,6.9,13.8,29.7,39.6,3328,4736
4,44,2,0,4,1,0,69,0,99,1920,16000,0,6.9,39.6,49.5,3328,4736
4,45,1,0,6,1,0,69,0,99,1920,16000,0,6.9,59.4,69.3,3328,4736
4,46,1,0,0,2,0,69,0,99,1920,16000,0,6.9,0,9.9,4736,6144
4,47,1,1,0,2,0,69,0,99,1920,16000,6.9,13.8,0,9.9,4736,6144
4,48,2,5,0,2,0,69,0,99,1920,16000,34.5,41.4,0,9.9,4736,6144
4,49,5,6,0,2,0,69,0,99,1920,16000,41.4,48.3,0,9.9,4736,6144
4,50,1,0,1,2,0,69,0,99,1920,16000,0,6.9,9.9,19.8,4736,6144
4,51,1,4,1,2,0,69,0,99,1920,16000,27.6,34.5,9.9,19.8,4736,6144
4,52,2,0,2,2,0,69,0,99,1920,16000,0,6.9,19.8,29.7,4736,6144
4,53,6,1,3,2,0,69,0,99,1920,16000,6.9,13.8,29.7,39.6,4736,6144
4,54,9,2,3,2,0,69,0,99,1920,16000,13.8,20.7,29.7,39.6,4736,6144
4,55,3,0,0,3,0,69,0,99,1920,16000,0,6.9,0,9.9,6144,7552
4,56,1,1,0,3,0,69,0,99,1920,16000,6.9,13.8,0,9.9,6144,7552
4,57,1,9,0,3,0,69,0,99,1920,16000,62.1,69,0,9.9,6144,7552
4,58,2,3,1,3,0,69,0,99,1920,16000,20.7,27.6,9.9,19.8,6144,7552
4,59,1,5,1,3,0,69,0,99,1920,16000,34.5,41.4,9.9,19.8,6144,7552
4,60,1,6,1,3,0,69,0,99,1920,16000,41.4,48.3,9.9,19.8,6144,7552
4,61,4,2,3,3,0,69,0,99,1920,16000,13.8,20.7,29.7,39.6,6144,7552
4,62,1,1,4,3,0,69,0,99,1920,16000,6.9,13.8,39.6,49.5,6144,7552
4,63,3,2,4,3,0,69,0,99,1920,16000,13.8,20.7,39.6,49.5,6144,7552
4,64,1,1,5,3,0,69,0,99,1920,16000,6.9,13.8,49.5,59.4,6144,7552
4,65,1,0,0,4,0,69,0,99,1920,16000,0,6.9,0,9.9,7552,8960
4,66,2,0,0,5,0,69,0,99,1920,16000,0,6.9,0,9.9,8960,10368
4,67,1,8,0,5,0,69,0,99,1920,16000,55.2,62.1,0,9.9,8960,10368
4,68,1,0,0,6,0,69,0,99,1920,16000,0,6.9,0,9.9,10368,11776
6,69,41,0,0,0,0,69,0,99,1920,16000,0,6.9,0,9.9,1920,3328
6,70,6,1,0,0,0,69,0,99,1920,16000,6.9,13.8,0,9.9,1920,3328
6,71,1,2,0,0,0,69,0,99,1920,16000,13.8,20.7,0,9.9,1920,3328
6,72,5,0,1,0,0,69,0,99,1920,16000,0,6.9,9.9,19.8,1920,3328
6,73,4,1,1,0,0,69,0,99,1920,16000,6.9,13.8,9.9,19.8,1920,3328
6,74,1,0,0,1,0,69,0,99,1920,16000,0,6.9,0,9.9,3328,4736
6,75,4,1,0,1,0,69,0,99,1920,16000,6.9,13.8,0,9.9,3328,4736
6,76,3,2,0,1,0,69,0,99,1920,16000,13.8,20.7,0,9.9,3328,4736
6,77,3,3,0,1,0,69,0,99,1920,16000,20.7,27.6,0,9.9,3328,4736
6,78,5,0,1,1,0,69,0,99,1920,16000,0,6.9,9.9,19.8,3328,4736
6,79,2,1,1,1,0,69,0,99,1920,16000,6.9,13.8,9.9,19.8,3328,4736
6,80,1,2,1,1,0,69,0,99,1920,16000,13.8,20.7,9.9,19.8,3328,4736
6,81,15,0,2,1,0,69,0,99,1920,16000,0,6.9,19.8,29.7,3328,4736
6,82,4,1,2,1,0,69,0,99,1920,16000,6.9,13.8,19.8,29.7,3328,4736
6,83,1,2,2,1,0,69,0,99,1920,16000,13.8,20.7,19.8,29.7,3328,4736
6,84,1,0,3,1,0,69,0,99,1920,16000,0,6.9,29.7,39.6,3328,4736
6,85,1,1,3,1,0,69,0,99,1920,16000,6.9,13.8,29.7,39.6,3328,4736
6,86,7,0,0,2,0,69,0,99,1920,16000,0,6.9,0,9.9,4736,6144
6,87,1,2,0,2,0,69,0,99,1920,16000,13.8,20.7,0,9.9,4736,6144
6,88,1,3,0,2,0,69,0,99,1920,16000,20.7,27.6,0,9.9,4736,6144
6,89,3,5,0,2,0,69,0,99,1920,16000,34.5,41.4,0,9.9,4736,6144
6,90,6,6,0,2,0,69,0,99,1920,16000,41.4,48.3,0,9.9,4736,6144
6,91,2,0,1,2,0,69,0,99,1920,16000,0,6.9,9.9,19.8,4736,6144
6,92,1,1,1,2,0,69,0,99,1920,16000,6.9,13.8,9.9,19.8,4736,6144
6,93,1,2,1,2,0,69,0,99,1920,16000,13.8,20.7,9.9,19.8,4736,6144
6,94,1,3,1,2,0,69,0,99,1920,16000,20.7,27.6,9.9,19.8,4736,6144
6,95,2,4,1,2,0,69,0,99,1920,16000,27.6,34.5,9.9,19.8,4736,6144
6,96,2,0,2,2,0,69,0,99,1920,16000,0,6.9,19.8,29.7,4736,6144
6,97,4,2,2,2,0,69,0,99,1920,16000,13.8,20.7,19.8,29.7,4736,6144
6,98,8,2,3,2,0,69,0,99,1920,16000,13.8,20.7,29.7,39.6,4736,6144
6,99,1,0,4,2,0,69,0,99,1920,16000,0,6.9,39.6,49.5,4736,6144
6,100,2,2,4,2,0,69,0,99,1920,16000,13.8,20.7,39.6,49.5,4736,6144
6,101,2,0,0,3,0,69,0,99,1920,16000,0,6.9,0,9.9,6144,7552
6,102,2,1,0,3,0,69,0,99,1920,16000,6.9,13.8,0,9.9,6144,7552
6,103,2,2,0,3,0,69,0,99,1920,16000,13.8,20.7,0,9.9,6144,7552
6,104,1,5,0,3,0,69,0,99,1920,16000,34.5,41.4,0,9.9,6144,7552
6,105,1,6,0,3,0,69,0,99,1920,16000,41.4,48.3,0,9.9,6144,7552
6,106,1,3,1,3,0,69,0,99,1920,16000,20.7,27.6,9.9,19.8,6144,7552
6,107,1,4,1,3,0,69,0,99,1920,16000,27.6,34.5,9.9,19.8,6144,7552
6,108,2,0,3,3,0,69,0,99,1920,16000,0,6.9,29.7,39.6,6144,7552
6,109,6,2,3,3,0,69,0,99,1920,16000,13.8,20.7,29.7,39.6,6144,7552
6,110,4,3,3,3,0,69,0,99,1920,16000,20.7,27.6,29.7,39.6,6144,7552
6,111,2,2,4,3,0,69,0,99,1920,16000,13.8,20.7,39.6,49.5,6144,7552
6,112,2,1,5,3,0,69,0,99,1920,16000,6.9,13.8,49.5,59.4,6144,7552
6,113,4,2,5,3,0,69,0,99,1920,16000,13.8,20.7,49.5,59.4,6144,7552
6,114,1,1,6,3,0,69,0,99,1920,16000,6.9,13.8,59.4,69.3,6144,7552
6,115,2,0,7,3,0,69,0,99,1920,16000,0,6.9,69.3,79.2,6144,7552
6,116,1,0,0,4,0,69,0,99,1920,16000,0,6.9,0,9.9,7552,8960
6,117,1,2,0,4,0,69,0,99,1920,16000,13.8,20.7,0,9.9,7552,8960
6,118,1,0,1,4,0,69,0,99,1920,16000,0,6.9,9.9,19.8,7552,8960
6,119,2,3,3,4,0,69,0,99,1920,16000,20.7,27.6,29.7,39.6,7552,8960
6,120,1,2,6,4,0,69,0,99,1920,16000,13.8,20.7,59.4,69.3,7552,8960
6,121,2,1,7,4,0,69,0,99,1920,16000,6.9,13.8,69.3,79.2,7552,8960
6,122,1,1,1,5,0,69,0,99,1920,16000,6.9,13.8,9.9,19.8,8960,10368
6,123,1,0,0,8,0,69,0,99,1920,16000,0,6.9,0,9.9,13184,14592
8,124,31,0,0,0,0,69,0,99,1920,16000,0,6.9,0,9.9,1920,3328
8,125,16,1,0,0,0,69,0,99,1920,16000,6.9,13.8,0,9.9,1920,3328
8,126,3,2,0,0,0,69,0,99,1920,16000,13.8,20.7,0,9.9,1920,3328
8,127,7,0,1,0,0,69,0,99,1920,16000,0,6.9,9.9,19.8,1920,3328
8,128,2,1,1,0,0,69,0,99,1920,16000,6.9,13.8,9.9,19.8,1920,3328
8,129,6,0,2,0,0,69,0,99,1920,16000,0,6.9,19.8,29.7,1920,3328
8,130,3,0,3,0,0,69,0,99,1920,16000,0,6.9,29.7,39.6,1920,3328
8,131,12,0,0,1,0,69,0,99,1920,16000,0,6.9,0,9.9,3328,4736
8,132,6,1,0,1,0,69,0,99,1920,16000,6.9,13.8,0,9.9,3328,4736
8,133,6,2,0,1,0,69,0,99,1920,16000,13.8,20.7,0,9.9,3328,4736
8,134,3,3,0,1,0,69,0,99,1920,16000,20.7,27.6,0,9.9,3328,4736
8,135,2,4,0,1,0,69,0,99,1920,16000,27.6,34.5,0,9.9,3328,4736
8,136,2,5,0,1,0,69,0,99,1920,16000,34.5,41.4,0,9.9,3328,4736
8,137,2,0,1,1,0,69,0,99,1920,16000,0,6.9,9.9,19.8,3328,4736
8,138,1,2,1,1,0,69,0,99,1920,16000,13.8,20.7,9.9,19.8,3328,4736
8,139,1,3,1,1,0,69,0,99,1920,16000,20.7,27.6,9.9,19.8,3328,4736
8,140,4,0,2,1,0,69,0,99,1920,16000,0,6.9,19.8,29.7,3328,4736
8,141,6,1,2,1,0,69,0,99,1920,16000,6.9,13.8,19.8,29.7,3328,4736
8,142,2,2,2,1,0,69,0,99,1920,16000,13.8,20.7,19.8,29.7,3328,4736
8,143,10,0,3,1,0,69,0,99,1920,16000,0,6.9,29.7,39.6,3328,4736
8,144,5,1,3,1,0,69,0,99,1920,16000,6.9,13.8,29.7,39.6,3328,4736
8,145,2,0,0,2,0,69,0,99,1920,16000,0,6.9,0,9.9,4736,6144
8,146,2,3,0,2,0,69,0,99,1920,16000,20.7,27.6,0,9.9,4736,6144
8,147,2,4,0,2,0,69,0,99,1920,16000,27.6,34.5,0,9.9,4736,6144
8,148,1,5,0,2,0,69,0,99,1920,16000,34.5,41.4,0,9.9,4736,6144
8,149,1,6,0,2,0,69,0,99,1920,16000,41.4,48.3,0,9.9,4736,6144
8,150,1,0,1,2,0,69,0,99,1920,16000,0,6.9,9.9,19.8,4736,6144
8,151,1,1,1,2,0,69,0,99,1920,16000,6.9,13.8,9.9,19.8,4736,6144
8,152,2,3,1,2,0,69,0,99,1920,16000,20.7,27.6,9.9,19.8,4736,6144
8,153,2,4,1,2,0,69,0,99,1920,16000,27.6,34.5,9.9,19.8,4736,6144
8,154,1,0,2,2,0,69,0,99,1920,16000,0,6.9,19.8,29.7,4736,6144
8,155,2,2,2,2,0,69,0,99,1920,16000,13.8,20.7,19.8,29.7,4736,6144
8,156,4,0,3,2,0,69,0,99,1920,16000,0,6.9,29.7,39.6,4736,6144
8,157,3,2,3,2,0,69,0,99,1920,16000,13.8,20.7,29.7,39.6,4736,6144
8,158,1,1,4,2,0,69,0,99,1920,16000,6.9,13.8,39.6,49.5,4736,6144
8,159,1,1,5,2,0,69,0,99,1920,16000,6.9,13.8,49.5,59.4,4736,6144
8,160,4,0,7,2,0,69,0,99,1920,16000,0,6.9,69.3,79.2,4736,6144
8,161,3,0,0,3,0,69,0,99,1920,16000,0,6.9,0,9.9,6144,7552
8,162,5,2,0,3,0,69,0,99,1920,16000,13.8,20.7,0,9.9,6144,7552
8,163,3,6,0,3,0,69,0,99,1920,16000,41.4,48.3,0,9.9,6144,7552
8,164,2,7,0,3,0,69,0,99,1920,16000,48.3,55.2,0,9.9,6144,7552
8,165,1,9,0,3,0,69,0,99,1920,16000,62.1,69,0,9.9,6144,7552
8,166,1,0,1,3,0,69,0,99,1920,16000,0,6.9,9.9,19.8,6144,7552
8,167,3,1,1,3,0,69,0,99,1920,16000,6.9,13.8,9.9,19.8,6144,7552
8,168,1,3,1,3,0,69,0,99,1920,16000,20.7,27.6,9.9,19.8,6144,7552
8,169,2,0,3,3,0,69,0,99,1920,16000,0,6.9,29.7,39.6,6144,7552
8,170,4,2,3,3,0,69,0,99,1920,16000,13.8,20.7,29.7,39.6,6144,7552
8,171,7,3,3,3,0,69,0,99,1920,16000,20.7,27.6,29.7,39.6,6144,7552
8,172,2,0,5,3,0,69,0,99,1920,16000,0,6.9,49.5,59.4,6144,7552
8,173,5,1,5,3,0,69,0,99,1920,16000,6.9,13.8,49.5,59.4,6144,7552
8,174,6,2,5,3,0,69,0,99,1920,16000,13.8,20.7,49.5,59.4,6144,7552
8,175,2,4,3,4,0,69,0,99,1920,16000,27.6,34.5,29.7,39.6,7552,8960
8,176,1,0,7,4,0,69,0,99,1920,16000,0,6.9,69.3,79.2,7552,8960
8,177,3,1,7,4,0,69,0,99,1920,16000,6.9,13.8,69.3,79.2,7552,8960
8,178,2,2,7,4,0,69,0,99,1920,16000,13.8,20.7,69.3,79.2,7552,8960
8,179,1,0,9,4,0,69,0,99,1920,16000,0,6.9,89.1,99,7552,8960
8,180,2,0,0,5,0,69,0,99,1920,16000,0,6.9,0,9.9,8960,10368
8,181,1,1,0,5,0,69,0,99,1920,16000,6.9,13.8,0,9.9,8960,10368
8,182,2,2,0,5,0,69,0,99,1920,16000,13.8,20.7,0,9.9,8960,10368
8,183,1,1,1,5,0,69,0,99,1920,16000,6.9,13.8,9.9,19.8,8960,10368
8,184,1,1,2,6,0,69,0,99,1920,16000,6.9,13.8,19.8,29.7,10368,11776
8,185,1,2,2,7,0,69,0,99,1920,16000,13.8,20.7,19.8,29.7,11776,13184
10,186,25,0,0,0,0,69,0,99,1920,16000,0,6.9,0,9.9,1920,3328
10,187,5,1,0,0,0,69,0,99,1920,16000,6.9,13.8,0,9.9,1920,3328
10,188,1,2,0,0,0,69,0,99,1920,16000,13.8,20.7,0,9.9,1920,3328
10,189,6,0,1,0,0,69,0,99,1920,16000,0,6.9,9.9,19.8,1920,3328
10,190,1,1,1,0,0,69,0,99,1920,16000,6.9,13.8,9.9,19.8,1920,3328
10,191,5,0,2,0,0,69,0,99,1920,16000,0,6.9,19.8,29.7,1920,3328
10,192,1,0,3,0,0,69,0,99,1920,16000,0,6.9,29.7,39.6,1920,3328
10,193,12,0,0,1,0,69,0,99,1920,16000,0,6.9,0,9.9,3328,4736
10,194,7,1,0,1,0,69,0,99,1920,16000,6.9,13.8,0,9.9,3328,4736
10,195,7,2,0,1,0,69,0,99,1920,16000,13.8,20.7,0,9.9,3328,4736
10,196,6,0,1,1,0,69,0,99,1920,16000,0,6.9,9.9,19.8,3328,4736
10,197,1,1,1,1,0,69,0,99,1920,16000,6.9,13.8,9.9,19.8,3328,4736
10,198,4,2,1,1,0,69,0,99,1920,16000,13.8,20.7,9.9,19.8,3328,4736
10,199,2,0,2,1,0,69,0,99,1920,16000,0,6.9,19.8,29.7,3328,4736
10,200,2,1,2,1,0,69,0,99,1920,16000,6.9,13.8,19.8,29.7,3328,4736
10,201,1,2,2,1,0,69,0,99,1920,16000,13.8,20.7,19.8,29.7,3328,4736
10,202,6,0,3,1,0,69,0,99,1920,16000,0,6.9,29.7,39.6,3328,4736
10,203,1,0,5,1,0,69,0,99,1920,16000,0,6.9,49.5,59.4,3328,4736
10,204,4,0,0,2,0,69,0,99,1920,16000,0,6.9,0,9.9,4736,6144
10,205,2,1,0,2,0,69,0,99,1920,16000,6.9,13.8,0,9.9,4736,6144
10,206,3,2,0,2,0,69,0,99,1920,16000,13.8,20.7,0,9.9,4736,6144
10,207,1,4,0,2,0,69,0,99,1920,16000,27.6,34.5,0,9.9,4736,6144
10,208,4,5,0,2,0,69,0,99,1920,16000,34.5,41.4,0,9.9,4736,6144
10,209,7,6,0,2,0,69,0,99,1920,16000,41.4,48.3,0,9.9,4736,6144
10,210,1,7,0,2,0,69,0,99,1920,16000,48.3,55.2,0,9.9,4736,6144
10,211,1,1,1,2,0,69,0,99,1920,16000,6.9,13.8,9.9,19.8,4736,6144
10,212,3,3,1,2,0,69,0,99,1920,16000,20.7,27.6,9.9,19.8,4736,6144
10,213,3,4,1,2,0,69,0,99,1920,16000,27.6,34.5,9.9,19.8,4736,6144
10,214,2,0,2,2,0,69,0,99,1920,16000,0,6.9,19.8,29.7,4736,6144
10,215,1,2,2,2,0,69,0,99,1920,16000,13.8,20.7,19.8,29.7,4736,6144
10,216,2,0,3,2,0,69,0,99,1920,16000,0,6.9,29.7,39.6,4736,6144
10,217,1,1,3,2,0,69,0,99,1920,16000,6.9,13.8,29.7,39.6,4736,6144
10,218,3,2,3,2,0,69,0,99,1920,16000,13.8,20.7,29.7,39.6,4736,6144
10,219,1,3,3,2,0,69,0,99,1920,16000,20.7,27.6,29.7,39.6,4736,6144
10,220,3,1,4,2,0,69,0,99,1920,16000,6.9,13.8,39.6,49.5,4736,6144
10,221,3,1,5,2,0,69,0,99,1920,16000,6.9,13.8,49.5,59.4,4736,6144
10,222,4,0,7,2,0,69,0,99,1920,16000,0,6.9,69.3,79.2,4736,6144
10,223,1,1,7,2,0,69,0,99,1920,16000,6.9,13.8,69.3,79.2,4736,6144
10,224,2,0,0,3,0,69,0,99,1920,16000,0,6.9,0,9.9,6144,7552
10,225,2,1,0,3,0,69,0,99,1920,16000,6.9,13.8,0,9.9,6144,7552
10,226,3,2,0,3,0,69,0,99,1920,16000,13.8,20.7,0,9.9,6144,7552
10,227,2,4,0,3,0,69,0,99,1920,16000,27.6,34.5,0,9.9,6144,7552
10,228,2,6,0,3,0,69,0,99,1920,16000,41.4,48.3,0,9.9,6144,7552
10,229,2,7,0,3,0,69,0,99,1920,16000,48.3,55.2,0,9.9,6144,7552
10,230,1,0,1,3,0,69,0,99,1920,16000,0,6.9,9.9,19.8,6144,7552
10,231,1,0,3,3,0,69,0,99,1920,16000,0,6.9,29.7,39.6,6144,7552
10,232,6,2,3,3,0,69,0,99,1920,16000,13.8,20.7,29.7,39.6,6144,7552
10,233,5,3,3,3,0,69,0,99,1920,16000,20.7,27.6,29.7,39.6,6144,7552
10,234,1,0,4,3,0,69,0,99,1920,16000,0,6.9,39.6,49.5,6144,7552
10,235,3,2,4,3,0,69,0,99,1920,16000,13.8,20.7,39.6,49.5,6144,7552
10,236,1,0,5,3,0,69,0,99,1920,16000,0,6.9,49.5,59.4,6144,7552
10,237,4,1,5,3,0,69,0,99,1920,16000,6.9,13.8,49.5,59.4,6144,7552
10,238,2,2,5,3,0,69,0,99,1920,16000,13.8,20.7,49.5,59.4,6144,7552
10,239,1,0,6,3,0,69,0,99,1920,16000,0,6.9,59.4,69.3,6144,7552
10,240,1,1,6,3,0,69,0,99,1920,16000,6.9,13.8,59.4,69.3,6144,7552
10,241,2,0,7,3,0,69,0,99,1920,16000,0,6.9,69.3,79.2,6144,7552
10,242,4,1,7,3,0,69,0,99,1920,16000,6.9,13.8,69.3,79.2,6144,7552
10,243,2,0,9,3,0,69,0,99,1920,16000,0,6.9,89.1,99,6144,7552
10,244,1,0,0,4,0,69,0,99,1920,16000,0,6.9,0,9.9,7552,8960
10,245,1,1,0,4,0,69,0,99,1920,16000,6.9,13.8,0,9.9,7552,8960
10,246,3,6,0,4,0,69,0,99,1920,16000,41.4,48.3,0,9.9,7552,8960
10,247,1,7,0,4,0,69,0,99,1920,16000,48.3,55.2,0,9.9,7552,8960
10,248,1,5,1,4,0,69,0,99,1920,16000,34.5,41.4,9.9,19.8,7552,8960
10,249,1,0,3,4,0,69,0,99,1920,16000,0,6.9,29.7,39.6,7552,8960
10,250,1,0,5,4,0,69,0,99,1920,16000,0,6.9,49.5,59.4,7552,8960
10,251,3,1,5,4,0,69,0,99,1920,16000,6.9,13.8,49.5,59.4,7552,8960
10,252,6,2,5,4,0,69,0,99,1920,16000,13.8,20.7,49.5,59.4,7552,8960
10,253,1,0,6,4,0,69,0,99,1920,16000,0,6.9,59.4,69.3,7552,8960
10,254,1,0,7,4,0,69,0,99,1920,16000,0,6.9,69.3,79.2,7552,8960
10,255,1,1,7,4,0,69,0,99,1920,16000,6.9,13.8,69.3,79.2,7552,8960
10,256,3,2,7,4,0,69,0,99,1920,16000,13.8,20.7,69.3,79.2,7552,8960
10,257,1,0,8,4,0,69,0,99,1920,16000,0,6.9,79.2,89.1,7552,8960
10,258,2,1,9,4,0,69,0,99,1920,16000,6.9,13.8,89.1,99,7552,8960
10,259,1,0,0,5,0,69,0,99,1920,16000,0,6.9,0,9.9,8960,10368
10,260,1,2,0,5,0,69,0,99,1920,16000,13.8,20.7,0,9.9,8960,10368
10,261,1,3,0,5,0,69,0,99,1920,16000,20.7,27.6,0,9.9,8960,10368
10,262,3,0,9,5,0,69,0,99,1920,16000,0,6.9,89.1,99,8960,10368
10,263,2,1,9,5,0,69,0,99,1920,16000,6.9,13.8,89.1,99,8960,10368
10,264,1,2,0,6,0,69,0,99,1920,16000,13.8,20.7,0,9.9,10368,11776
10,265,1,1,9,6,0,69,0,99,1920,16000,6.9,13.8,89.1,99,10368,11776
10,266,1,0,9,7,0,69,0,99,1920,16000,0,6.9,89.1,99,11776,13184
10,267,1,0,9,8,0,69,0,99,1920,16000,0,6.9,89.1,99,13184,14592
12,268,25,0,0,0,0,69,0,99,1920,16000,0,6.9,0,9.9,1920,3328
12,269,8,1,0,0,0,69,0,99,1920,16000,6.9,13.8,0,9.9,1920,3328
12,270,6,2,0,0,0,69,0,99,1920,16000,13.8,20.7,0,9.9,1920,3328
12,271,2,0,1,0,0,69,0,99,1920,16000,0,6.9,9.9,19.8,1920,3328
12,272,3,1,1,0,0,69,0,99,1920,16000,6.9,13.8,9.9,19.8,1920,3328
12,273,1,0,3,0,0,69,0,99,1920,16000,0,6.9,29.7,39.6,1920,3328
12,274,9,0,0,1,0,69,0,99,1920,16000,0,6.9,0,9.9,3328,4736
12,275,8,1,0,1,0,69,0,99,1920,16000,6.9,13.8,0,9.9,3328,4736
12,276,5,2,0,1,0,69,0,99,1920,16000,13.8,20.7,0,9.9,3328,4736
12,277,1,0,1,1,0,69,0,99,1920,16000,0,6.9,9.9,19.8,3328,4736
12,278,9,1,1,1,0,69,0,99,1920,16000,6.9,13.8,9.9,19.8,3328,4736
12,279,1,2,1,1,0,69,0,99,1920,16000,13.8,20.7,9.9,19.8,3328,4736
12,280,3,0,2,1,0,69,0,99,1920,16000,0,6.9,19.8,29.7,3328,4736
12,281,1,1,2,1,0,69,0,99,1920,16000,6.9,13.8,19.8,29.7,3328,4736
12,282,6,2,2,1,0,69,0,99,1920,16000,13.8,20.7,19.8,29.7,3328,4736
12,283,6,0,3,1,0,69,0,99,1920,16000,0,6.9,29.7,39.6,3328,4736
12,284,4,0,4,1,0,69,0,99,1920,16000,0,6.9,39.6,49.5,3328,4736
12,285,3,0,5,1,0,69,0,99,1920,16000,0,6.9,49.5,59.4,3328,4736
12,286,2,0,0,2,0,69,0,99,1920,16000,0,6.9,0,9.9,4736,6144
12,287,5,1,0,2,0,69,0,99,1920,16000,6.9,13.8,0,9.9,4736,6144
12,288,6,2,0,2,0,69,0,99,1920,16000,13.8,20.7,0,9.9,4736,6144
12,289,3,3,0,2,0,69,0,99,1920,16000,20.7,27.6,0,9.9,4736,6144
12,290,3,5,0,2,0,69,0,99,1920,16000,34.5,41.4,0,9.9,4736,6144
12,291,14,6,0,2,0,69,0,99,1920,16000,41.4,48.3,0,9.9,4736,6144
12,292,3,1,1,2,0,69,0,99,1920,16000,6.9,13.8,9.9,19.8,4736,6144
12,293,1,3,1,2,0,69,0,99,1920,16000,20.7,27.6,9.9,19.8,4736,6144
12,294,3,4,1,2,0,69,0,99,1920,16000,27.6,34.5,9.9,19.8,4736,6144
12,295,1,0,3,2,0,69,0,99,1920,16000,0,6.9,29.7,39.6,4736,6144
12,296,2,2,3,2,0,69,0,99,1920,16000,13.8,20.7,29.7,39.6,4736,6144
12,297,5,3,3,2,0,69,0,99,1920,16000,20.7,27.6,29.7,39.6,4736,6144
12,298,1,0,4,2,0,69,0,99,1920,16000,0,6.9,39.6,49.5,4736,6144
12,299,6,1,4,2,0,69,0,99,1920,16000,6.9,13.8,39.6,49.5,4736,6144
12,300,3,1,5,2,0,69,0,99,1920,16000,6.9,13.8,49.5,59.4,4736,6144
12,301,11,0,7,2,0,69,0,99,1920,16000,0,6.9,69.3,79.2,4736,6144
12,302,4,0,8,2,0,69,0,99,1920,16000,0,6.9,79.2,89.1,4736,6144
12,303,4,0,0,3,0,69,0,99,1920,16000,0,6.9,0,9.9,6144,7552
12,304,1,1,0,3,0,69,0,99,1920,16000,6.9,13.8,0,9.9,6144,7552
12,305,2,2,0,3,0,69,0,99,1920,16000,13.8,20.7,0,9.9,6144,7552
12,306,1,3,0,3,0,69,0,99,1920,16000,20.7,27.6,0,9.9,6144,7552
12,307,1,6,0,3,0,69,0,99,1920,16000,41.4,48.3,0,9.9,6144,7552
12,308,1,7,0,3,0,69,0,99,1920,16000,48.3,55.2,0,9.9,6144,7552
12,309,2,8,0,3,0,69,0,99,1920,16000,55.2,62.1,0,9.9,6144,7552
12,310,2,0,1,3,0,69,0,99,1920,16000,0,6.9,9.9,19.8,6144,7552
12,311,1,2,1,3,0,69,0,99,1920,16000,13.8,20.7,9.9,19.8,6144,7552
12,312,1,1,3,3,0,69,0,99,1920,16000,6.9,13.8,29.7,39.6,6144,7552
12,313,7,2,3,3,0,69,0,99,1920,16000,13.8,20.7,29.7,39.6,6144,7552
12,314,3,3,3,3,0,69,0,99,1920,16000,20.7,27.6,29.7,39.6,6144,7552
12,315,1,0,5,3,0,69,0,99,1920,16000,0,6.9,49.5,59.4,6144,7552
12,316,1,1,5,3,0,69,0,99,1920,16000,6.9,13.8,49.5,59.4,6144,7552
12,317,7,2,5,3,0,69,0,99,1920,16000,13.8,20.7,49.5,59.4,6144,7552
12,318,1,0,7,3,0,69,0,99,1920,16000,0,6.9,69.3,79.2,6144,7552
12,319,1,1,7,3,0,69,0,99,1920,16000,6.9,13.8,69.3,79.2,6144,7552
12,320,1,0,0,4,0,69,0,99,1920,16000,0,6.9,0,9.9,7552,8960
12,321,1,1,0,4,0,69,0,99,1920,16000,6.9,13.8,0,9.9,7552,8960
12,322,1,2,0,4,0,69,0,99,1920,16000,13.8,20.7,0,9.9,7552,8960
12,323,3,5,0,4,0,69,0,99,1920,16000,34.5,41.4,0,9.9,7552,8960
12,324,1,7,0,4,0,69,0,99,1920,16000,48.3,55.2,0,9.9,7552,8960
12,325,3,3,3,4,0,69,0,99,1920,16000,20.7,27.6,29.7,39.6,7552,8960
12,326,3,2,5,4,0,69,0,99,1920,16000,13.8,20.7,49.5,59.4,7552,8960
12,327,4,1,7,4,0,69,0,99,1920,16000,6.9,13.8,69.3,79.2,7552,8960
12,328,8,2,7,4,0,69,0,99,1920,16000,13.8,20.7,69.3,79.2,7552,8960
12,329,1,2,8,4,0,69,0,99,1920,16000,13.8,20.7,79.2,89.1,7552,8960
12,330,1,0,0,5,0,69,0,99,1920,16000,0,6.9,0,9.9,8960,10368
12,331,1,1,0,5,0,69,0,99,1920,16000,6.9,13.8,0,9.9,8960,10368
12,332,2,2,0,5,0,69,0,99,1920,16000,13.8,20.7,0,9.9,8960,10368
12,333,3,0,9,5,0,69,0,99,1920,16000,0,6.9,89.1,99,8960,10368
12,334,1,1,9,5,0,69,0,99,1920,16000,6.9,13.8,89.1,99,8960,10368
12,335,1,0,5,6,0,69,0,99,1920,16000,0,6.9,49.5,59.4,10368,11776
12,336,3,2,9,7,0,69,0,99,1920,16000,13.8,20.7,89.1,99,11776,13184
12,337,1,0,9,8,0,69,0,99,1920,16000,0,6.9,89.1,99,13184,14592
12,338,1,0,9,9,0,69,0,99,1920,16000,0,6.9,89.1,99,14592,16000
14,339,23,0,0,0,0,69,0,99,1920,16000,0,6.9,0,9.9,1920,3328
14,340,5,1,0,0,0,69,0,99,1920,16000,6.9,13.8,0,9.9,1920,3328
14,341,5,2,0,0,0,69,0,99,1920,16000,13.8,20.7,0,9.9,1920,3328
14,342,5,0,1,0,0,69,0,99,1920,16000,0,6.9,9.9,19.8,1920,3328
14,343,2,0,2,0,0,69,0,99,1920,16000,0,6.9,19.8,29.7,1920,3328
14,344,1,0,3,0,0,69,0,99,1920,16000,0,6.9,29.7,39.6,1920,3328
14,345,6,0,0,1,0,69,0,99,1920,16000,0,6.9,0,9.9,3328,4736
14,346,12,1,0,1,0,69,0,99,1920,16000,6.9,13.8,0,9.9,3328,4736
14,347,2,2,0,1,0,69,0,99,1920,16000,13.8,20.7,0,9.9,3328,4736
14,348,1,0,1,1,0,69,0,99,1920,16000,0,6.9,9.9,19.8,3328,4736
14,349,8,1,1,1,0,69,0,99,1920,16000,6.9,13.8,9.9,19.8,3328,4736
14,350,2,2,1,1,0,69,0,99,1920,16000,13.8,20.7,9.9,19.8,3328,4736
14,351,1,6,1,1,0,69,0,99,1920,16000,41.4,48.3,9.9,19.8,3328,4736
14,352,1,1,2,1,0,69,0,99,1920,16000,6.9,13.8,19.8,29.7,3328,4736
14,353,3,2,2,1,0,69,0,99,1920,16000,13.8,20.7,19.8,29.7,3328,4736
14,354,3,1,3,1,0,69,0,99,1920,16000,6.9,13.8,29.7,39.6,3328,4736
14,355,1,2,3,1,0,69,0,99,1920,16000,13.8,20.7,29.7,39.6,3328,4736
14,356,3,0,5,1,0,69,0,99,1920,16000,0,6.9,49.5,59.4,3328,4736
14,357,6,0,0,2,0,69,0,99,1920,16000,0,6.9,0,9.9,4736,6144
14,358,4,1,0,2,0,69,0,99,1920,16000,6.9,13.8,0,9.9,4736,6144
14,359,2,2,0,2,0,69,0,99,1920,16000,13.8,20.7,0,9.9,4736,6144
14,360,6,3,0,2,0,69,0,99,1920,16000,20.7,27.6,0,9.9,4736,6144
14,361,1,4,0,2,0,69,0,99,1920,16000,27.6,34.5,0,9.9,4736,6144
14,362,1,5,0,2,0,69,0,99,1920,16000,34.5,41.4,0,9.9,4736,6144
14,363,2,6,0,2,0,69,0,99,1920,16000,41.4,48.3,0,9.9,4736,6144
14,364,1,0,1,2,0,69,0,99,1920,16000,0,6.9,9.9,19.8,4736,6144
14,365,1,1,1,2,0,69,0,99,1920,16000,6.9,13.8,9.9,19.8,4736,6144
14,366,1,4,1,2,0,69,0,99,1920,16000,27.6,34.5,9.9,19.8,4736,6144
14,367,1,1,2,2,0,69,0,99,1920,16000,6.9,13.8,19.8,29.7,4736,6144
14,368,6,2,2,2,0,69,0,99,1920,16000,13.8,20.7,19.8,29.7,4736,6144
14,369,8,3,2,2,0,69,0,99,1920,16000,20.7,27.6,19.8,29.7,4736,6144
14,370,2,0,3,2,0,69,0,99,1920,16000,0,6.9,29.7,39.6,4736,6144
14,371,5,2,3,2,0,69,0,99,1920,16000,13.8,20.7,29.7,39.6,4736,6144
14,372,3,3,3,2,0,69,0,99,1920,16000,20.7,27.6,29.7,39.6,4736,6144
14,373,1,4,3,2,0,69,0,99,1920,16000,27.6,34.5,29.7,39.6,4736,6144
14,374,2,1,4,2,0,69,0,99,1920,16000,6.9,13.8,39.6,49.5,4736,6144
14,375,3,0,5,2,0,69,0,99,1920,16000,0,6.9,49.5,59.4,4736,6144
14,376,15,1,5,2,0,69,0,99,1920,16000,6.9,13.8,49.5,59.4,4736,6144
14,377,3,0,6,2,0,69,0,99,1920,16000,0,6.9,59.4,69.3,4736,6144
14,378,3,1,6,2,0,69,0,99,1920,16000,6.9,13.8,59.4,69.3,4736,6144
14,379,2,0,7,2,0,69,0,99,1920,16000,0,6.9,69.3,79.2,4736,6144
14,380,1,0,0,3,0,69,0,99,1920,16000,0,6.9,0,9.9,6144,7552
14,381,2,1,0,3,0,69,0,99,1920,16000,6.9,13.8,0,9.9,6144,7552
14,382,3,5,0,3,0,69,0,99,1920,16000,34.5,41.4,0,9.9,6144,7552
14,383,5,6,0,3,0,69,0,99,1920,16000,41.4,48.3,0,9.9,6144,7552
14,384,1,7,0,3,0,69,0,99,1920,16000,48.3,55.2,0,9.9,6144,7552
14,385,2,8,0,3,0,69,0,99,1920,16000,55.2,62.1,0,9.9,6144,7552
14,386,1,0,2,3,0,69,0,99,1920,16000,0,6.9,19.8,29.7,6144,7552
14,387,1,2,2,3,0,69,0,99,1920,16000,13.8,20.7,19.8,29.7,6144,7552
14,388,6,3,2,3,0,69,0,99,1920,16000,20.7,27.6,19.8,29.7,6144,7552
14,389,2,2,3,3,0,69,0,99,1920,16000,13.8,20.7,29.7,39.6,6144,7552
14,390,4,2,4,3,0,69,0,99,1920,16000,13.8,20.7,39.6,49.5,6144,7552
14,391,1,0,5,3,0,69,0,99,1920,16000,0,6.9,49.5,59.4,6144,7552
14,392,4,2,5,3,0,69,0,99,1920,16000,13.8,20.7,49.5,59.4,6144,7552
14,393,1,0,0,4,0,69,0,99,1920,16000,0,6.9,0,9.9,7552,8960
14,394,3,1,0,4,0,69,0,99,1920,16000,6.9,13.8,0,9.9,7552,8960
14,395,1,5,0,4,0,69,0,99,1920,16000,34.5,41.4,0,9.9,7552,8960
14,396,1,8,0,4,0,69,0,99,1920,16000,55.2,62.1,0,9.9,7552,8960
14,397,2,4,3,4,0,69,0,99,1920,16000,27.6,34.5,29.7,39.6,7552,8960
14,398,1,2,4,4,0,69,0,99,1920,16000,13.8,20.7,39.6,49.5,7552,8960
14,399,5,3,4,4,0,69,0,99,1920,16000,20.7,27.6,39.6,49.5,7552,8960
14,400,2,2,5,4,0,69,0,99,1920,16000,13.8,20.7,49.5,59.4,7552,8960
14,401,2,2,6,4,0,69,0,99,1920,16000,13.8,20.7,59.4,69.3,7552,8960
14,402,3,0,7,4,0,69,0,99,1920,16000,0,6.9,69.3,79.2,7552,8960
14,403,4,1,7,4,0,69,0,99,1920,16000,6.9,13.8,69.3,79.2,7552,8960
14,404,1,2,7,4,0,69,0,99,1920,16000,13.8,20.7,69.3,79.2,7552,8960
14,405,1,0,0,5,0,69,0,99,1920,16000,0,6.9,0,9.9,8960,10368
14,406,1,1,0,5,0,69,0,99,1920,16000,6.9,13.8,0,9.9,8960,10368
14,407,1,3,0,5,0,69,0,99,1920,16000,20.7,27.6,0,9.9,8960,10368
14,408,2,8,0,5,0,69,0,99,1920,16000,55.2,62.1,0,9.9,8960,10368
14,409,3,0,3,5,0,69,0,99,1920,16000,0,6.9,29.7,39.6,8960,10368
14,410,1,0,7,5,0,69,0,99,1920,16000,0,6.9,69.3,79.2,8960,10368
14,411,2,1,9,5,0,69,0,99,1920,16000,6.9,13.8,89.1,99,8960,10368
14,412,2,8,1,6,0,69,0,99,1920,16000,55.2,62.1,9.9,19.8,10368,11776
14,413,2,0,9,6,0,69,0,99,1920,16000,0,6.9,89.1,99,10368,11776
14,414,1,1,9,6,0,69,0,99,1920,16000,6.9,13.8,89.1,99,10368,11776
14,415,1,2,9,7,0,69,0,99,1920,16000,13.8,20.7,89.1,99,11776,13184
14,416,4,1,9,8,0,69,0,99,1920,16000,6.9,13.8,89.1,99,13184,14592
16,417,29,0,0,0,0,69,0,99,1920,16000,0,6.9,0,9.9,1920,3328
16,418,3,1,0,0,0,69,0,99,1920,16000,6.9,13.8,0,9.9,1920,3328
16,419,1,2,0,0,0,69,0,99,1920,16000,13.8,20.7,0,9.9,1920,3328
16,420,5,0,1,0,0,69,0,99,1920,16000,0,6.9,9.9,19.8,1920,3328
16,421,6,0,2,0,0,69,0,99,1920,16000,0,6.9,19.8,29.7,1920,3328
16,422,6,0,0,1,0,69,0,99,1920,16000,0,6.9,0,9.9,3328,4736
16,423,8,1,0,1,0,69,0,99,1920,16000,6.9,13.8,0,9.9,3328,4736
16,424,4,2,0,1,0,69,0,99,1920,16000,13.8,20.7,0,9.9,3328,4736
16,425,6,3,0,1,0,69,0,99,1920,16000,20.7,27.6,0,9.9,3328,4736
16,426,3,5,0,1,0,69,0,99,1920,16000,34.5,41.4,0,9.9,3328,4736
16,427,4,0,1,1,0,69,0,99,1920,16000,0,6.9,9.9,19.8,3328,4736
16,428,12,0,2,1,0,69,0,99,1920,16000,0,6.9,19.8,29.7,3328,4736
16,429,8,1,2,1,0,69,0,99,1920,16000,6.9,13.8,19.8,29.7,3328,4736
16,430,7,2,2,1,0,69,0,99,1920,16000,13.8,20.7,19.8,29.7,3328,4736
16,431,1,0,3,1,0,69,0,99,1920,16000,0,6.9,29.7,39.6,3328,4736
16,432,6,1,3,1,0,69,0,99,1920,16000,6.9,13.8,29.7,39.6,3328,4736
16,433,2,0,4,1,0,69,0,99,1920,16000,0,6.9,39.6,49.5,3328,4736
16,434,4,0,5,1,0,69,0,99,1920,16000,0,6.9,49.5,59.4,3328,4736
16,435,3,0,0,2,0,69,0,99,1920,16000,0,6.9,0,9.9,4736,6144
16,436,3,1,0,2,0,69,0,99,1920,16000,6.9,13.8,0,9.9,4736,6144
16,437,4,3,0,2,0,69,0,99,1920,16000,20.7,27.6,0,9.9,4736,6144
16,438,2,4,0,2,0,69,0,99,1920,16000,27.6,34.5,0,9.9,4736,6144
16,439,2,5,0,2,0,69,0,99,1920,16000,34.5,41.4,0,9.9,4736,6144
16,440,4,6,0,2,0,69,0,99,1920,16000,41.4,48.3,0,9.9,4736,6144
16,441,1,0,1,2,0,69,0,99,1920,16000,0,6.9,9.9,19.8,4736,6144
16,442,5,3,1,2,0,69,0,99,1920,16000,20.7,27.6,9.9,19.8,4736,6144
16,443,2,0,2,2,0,69,0,99,1920,16000,0,6.9,19.8,29.7,4736,6144
16,444,5,1,2,2,0,69,0,99,1920,16000,6.9,13.8,19.8,29.7,4736,6144
16,445,1,2,2,2,0,69,0,99,1920,16000,13.8,20.7,19.8,29.7,4736,6144
16,446,3,3,2,2,0,69,0,99,1920,16000,20.7,27.6,19.8,29.7,4736,6144
16,447,1,4,2,2,0,69,0,99,1920,16000,27.6,34.5,19.8,29.7,4736,6144
16,448,1,0,3,2,0,69,0,99,1920,16000,0,6.9,29.7,39.6,4736,6144
16,449,2,1,3,2,0,69,0,99,1920,16000,6.9,13.8,29.7,39.6,4736,6144
16,450,1,2,3,2,0,69,0,99,1920,16000,13.8,20.7,29.7,39.6,4736,6144
16,451,1,4,3,2,0,69,0,99,1920,16000,27.6,34.5,29.7,39.6,4736,6144
16,452,1,0,4,2,0,69,0,99,1920,16000,0,6.9,39.6,49.5,4736,6144
16,453,3,1,4,2,0,69,0,99,1920,16000,6.9,13.8,39.6,49.5,4736,6144
16,454,7,0,5,2,0,69,0,99,1920,16000,0,6.9,49.5,59.4,4736,6144
16,455,4,1,5,2,0,69,0,99,1920,16000,6.9,13.8,49.5,59.4,4736,6144
16,456,2,0,7,2,0,69,0,99,1920,16000,0,6.9,69.3,79.2,4736,6144
16,457,1,1,7,2,0,69,0,99,1920,16000,6.9,13.8,69.3,79.2,4736,6144
16,458,1,2,0,3,0,69,0,99,1920,16000,13.8,20.7,0,9.9,6144,7552
16,459,1,3,0,3,0,69,0,99,1920,16000,20.7,27.6,0,9.9,6144,7552
16,460,1,4,0,3,0,69,0,99,1920,16000,27.6,34.5,0,9.9,6144,7552
16,461,1,7,0,3,0,69,0,99,1920,16000,48.3,55.2,0,9.9,6144,7552
16,462,3,8,0,3,0,69,0,99,1920,16000,55.2,62.1,0,9.9,6144,7552
16,463,2,1,1,3,0,69,0,99,1920,16000,6.9,13.8,9.9,19.8,6144,7552
16,464,4,3,1,3,0,69,0,99,1920,16000,20.7,27.6,9.9,19.8,6144,7552
16,465,5,0,2,3,0,69,0,99,1920,16000,0,6.9,19.8,29.7,6144,7552
16,466,1,1,2,3,0,69,0,99,1920,16000,6.9,13.8,19.8,29.7,6144,7552
16,467,1,2,2,3,0,69,0,99,1920,16000,13.8,20.7,19.8,29.7,6144,7552
16,468,2,3,2,3,0,69,0,99,1920,16000,20.7,27.6,19.8,29.7,6144,7552
16,469,3,2,3,3,0,69,0,99,1920,16000,13.8,20.7,29.7,39.6,6144,7552
16,470,2,3,3,3,0,69,0,99,1920,16000,20.7,27.6,29.7,39.6,6144,7552
16,471,2,2,4,3,0,69,0,99,1920,16000,13.8,20.7,39.6,49.5,6144,7552
16,472,3,0,5,3,0,69,0,99,1920,16000,0,6.9,49.5,59.4,6144,7552
16,473,2,1,5,3,0,69,0,99,1920,16000,6.9,13.8,49.5,59.4,6144,7552
16,474,4,2,5,3,0,69,0,99,1920,16000,13.8,20.7,49.5,59.4,6144,7552
16,475,10,1,6,3,0,69,0,99,1920,16000,6.9,13.8,59.4,69.3,6144,7552
16,476,2,1,0,4,0,69,0,99,1920,16000,6.9,13.8,0,9.9,7552,8960
16,477,1,2,0,4,0,69,0,99,1920,16000,13.8,20.7,0,9.9,7552,8960
16,478,1,6,0,4,0,69,0,99,1920,16000,41.4,48.3,0,9.9,7552,8960
16,479,1,4,1,4,0,69,0,99,1920,16000,27.6,34.5,9.9,19.8,7552,8960
16,480,1,1,2,4,0,69,0,99,1920,16000,6.9,13.8,19.8,29.7,7552,8960
16,481,1,2,3,4,0,69,0,99,1920,16000,13.8,20.7,29.7,39.6,7552,8960
16,482,2,2,4,4,0,69,0,99,1920,16000,13.8,20.7,39.6,49.5,7552,8960
16,483,3,3,4,4,0,69,0,99,1920,16000,20.7,27.6,39.6,49.5,7552,8960
16,484,1,0,5,4,0,69,0,99,1920,16000,0,6.9,49.5,59.4,7552,8960
16,485,1,1,7,4,0,69,0,99,1920,16000,6.9,13.8,69.3,79.2,7552,8960
16,486,1,0,0,5,0,69,0,99,1920,16000,0,6.9,0,9.9,8960,10368
16,487,1,2,0,5,0,69,0,99,1920,16000,13.8,20.7,0,9.9,8960,10368
16,488,2,8,1,6,0,69,0,99,1920,16000,55.2,62.1,9.9,19.8,10368,11776
16,489,1,2,9,7,0,69,0,99,1920,16000,13.8,20.7,89.1,99,11776,13184
18,490,27,0,0,0,0,69,0,99,1920,16000,0,6.9,0,9.9,1920,3328
18,491,6,1,0,0,0,69,0,99,1920,16000,6.9,13.8,0,9.9,1920,3328
18,492,6,2,0,0,0,69,0,99,1920,16000,13.8,20.7,0,9.9,1920,3328
18,493,1,0,1,0,0,69,0,99,1920,16000,0,6.9,9.9,19.8,1920,3328
18,494,3,1,1,0,0,69,0,99,1920,16000,6.9,13.8,9.9,19.8,1920,3328
18,495,5,0,0,1,0,69,0,99,1920,16000,0,6.9,0,9.9,3328,4736
18,496,6,1,0,1,0,69,0,99,1920,16000,6.9,13.8,0,9.9,3328,4736
18,497,19,2,0,1,0,69,0,99,1920,16000,13.8,20.7,0,9.9,3328,4736
18,498,2,3,0,1,0,69,0,99,1920,16000,20.7,27.6,0,9.9,3328,4736
18,499,5,4,0,1,0,69,0,99,1920,16000,27.6,34.5,0,9.9,3328,4736
18,500,3,1,1,1,0,69,0,99,1920,16000,6.9,13.8,9.9,19.8,3328,4736
18,501,2,2,1,1,0,69,0,99,1920,16000,13.8,20.7,9.9,19.8,3328,4736
18,502,4,3,1,1,0,69,0,99,1920,16000,20.7,27.6,9.9,19.8,3328,4736
18,503,4,0,2,1,0,69,0,99,1920,16000,0,6.9,19.8,29.7,3328,4736
18,504,4,1,2,1,0,69,0,99,1920,16000,6.9,13.8,19.8,29.7,3328,4736
18,505,8,2,2,1,0,69,0,99,1920,16000,13.8,20.7,19.8,29.7,3328,4736
18,506,2,0,3,1,0,69,0,99,1920,16000,0,6.9,29.7,39.6,3328,4736
18,507,3,1,3,1,0,69,0,99,1920,16000,6.9,13.8,29.7,39.6,3328,4736
18,508,11,0,4,1,0,69,0,99,1920,16000,0,6.9,39.6,49.5,3328,4736
18,509,3,0,0,2,0,69,0,99,1920,16000,0,6.9,0,9.9,4736,6144
18,510,4,1,0,2,0,69,0,99,1920,16000,6.9,13.8,0,9.9,4736,6144
18,511,1,2,0,2,0,69,0,99,1920,16000,13.8,20.7,0,9.9,4736,6144
18,512,1,3,0,2,0,69,0,99,1920,16000,20.7,27.6,0,9.9,4736,6144
18,513,7,4,0,2,0,69,0,99,1920,16000,27.6,34.5,0,9.9,4736,6144
18,514,6,6,0,2,0,69,0,99,1920,16000,41.4,48.3,0,9.9,4736,6144
18,515,1,0,1,2,0,69,0,99,1920,16000,0,6.9,9.9,19.8,4736,6144
18,516,4,1,1,2,0,69,0,99,1920,16000,6.9,13.8,9.9,19.8,4736,6144
18,517,4,3,1,2,0,69,0,99,1920,16000,20.7,27.6,9.9,19.8,4736,6144
18,518,4,4,1,2,0,69,0,99,1920,16000,27.6,34.5,9.9,19.8,4736,6144
18,519,1,0,2,2,0,69,0,99,1920,16000,0,6.9,19.8,29.7,4736,6144
18,520,4,1,2,2,0,69,0,99,1920,16000,6.9,13.8,19.8,29.7,4736,6144
18,521,2,2,2,2,0,69,0,99,1920,16000,13.8,20.7,19.8,29.7,4736,6144
18,522,7,3,2,2,0,69,0,99,1920,16000,20.7,27.6,19.8,29.7,4736,6144
18,523,1,0,3,2,0,69,0,99,1920,16000,0,6.9,29.7,39.6,4736,6144
18,524,5,1,3,2,0,69,0,99,1920,16000,6.9,13.8,29.7,39.6,4736,6144
18,525,1,2,3,2,0,69,0,99,1920,16000,13.8,20.7,29.7,39.6,4736,6144
18,526,2,0,4,2,0,69,0,99,1920,16000,0,6.9,39.6,49.5,4736,6144
18,527,5,1,4,2,0,69,0,99,1920,16000,6.9,13.8,39.6,49.5,4736,6144
18,528,2,0,5,2,0,69,0,99,1920,16000,0,6.9,49.5,59.4,4736,6144
18,529,7,1,5,2,0,69,0,99,1920,16000,6.9,13.8,49.5,59.4,4736,6144
18,530,3,0,9,2,0,69,0,99,1920,16000,0,6.9,89.1,99,4736,6144
18,531,3,0,0,3,0,69,0,99,1920,16000,0,6.9,0,9.9,6144,7552
18,532,2,2,0,3,0,69,0,99,1920,16000,13.8,20.7,0,9.9,6144,7552
18,533,1,0,1,3,0,69,0,99,1920,16000,0,6.9,9.9,19.8,6144,7552
18,534,4,1,1,3,0,69,0,99,1920,16000,6.9,13.8,9.9,19.8,6144,7552
18,535,4,3,1,3,0,69,0,99,1920,16000,20.7,27.6,9.9,19.8,6144,7552
18,536,2,0,2,3,0,69,0,99,1920,16000,0,6.9,19.8,29.7,6144,7552
18,537,13,3,2,3,0,69,0,99,1920,16000,20.7,27.6,19.8,29.7,6144,7552
18,538,1,4,2,3,0,69,0,99,1920,16000,27.6,34.5,19.8,29.7,6144,7552
18,539,12,2,3,3,0,69,0,99,1920,16000,13.8,20.7,29.7,39.6,6144,7552
18,540,4,3,3,3,0,69,0,99,1920,16000,20.7,27.6,29.7,39.6,6144,7552
18,541,1,0,4,3,0,69,0,99,1920,16000,0,6.9,39.6,49.5,6144,7552
18,542,3,2,4,3,0,69,0,99,1920,16000,13.8,20.7,39.6,49.5,6144,7552
18,543,3,0,5,3,0,69,0,99,1920,16000,0,6.9,49.5,59.4,6144,7552
18,544,10,2,5,3,0,69,0,99,1920,16000,13.8,20.7,49.5,59.4,6144,7552
18,545,2,1,6,3,0,69,0,99,1920,16000,6.9,13.8,59.4,69.3,6144,7552
18,546,2,0,7,3,0,69,0,99,1920,16000,0,6.9,69.3,79.2,6144,7552
18,547,1,0,9,3,0,69,0,99,1920,16000,0,6.9,89.1,99,6144,7552
18,548,1,1,0,4,0,69,0,99,1920,16000,6.9,13.8,0,9.9,7552,8960
18,549,1,2,0,4,0,69,0,99,1920,16000,13.8,20.7,0,9.9,7552,8960
18,550,2,3,3,4,0,69,0,99,1920,16000,20.7,27.6,29.7,39.6,7552,8960
18,551,1,2,4,4,0,69,0,99,1920,16000,13.8,20.7,39.6,49.5,7552,8960
18,552,1,0,5,4,0,69,0,99,1920,16000,0,6.9,49.5,59.4,7552,8960
18,553,1,1,6,4,0,69,0,99,1920,16000,6.9,13.8,59.4,69.3,7552,8960
18,554,4,2,6,4,0,69,0,99,1920,16000,13.8,20.7,59.4,69.3,7552,8960
18,555,1,2,7,4,0,69,0,99,1920,16000,13.8,20.7,69.3,79.2,7552,8960
18,556,1,0,0,5,0,69,0,99,1920,16000,0,6.9,0,9.9,8960,10368
18,557,2,2,0,5,0,69,0,99,1920,16000,13.8,20.7,0,9.9,8960,10368
18,558,1,2,1,5,0,69,0,99,1920,16000,13.8,20.7,9.9,19.8,8960,10368
18,559,1,0,3,5,0,69,0,99,1920,16000,0,6.9,29.7,39.6,8960,10368
18,560,1,1,6,5,0,69,0,99,1920,16000,6.9,13.8,59.4,69.3,8960,10368
18,561,2,0,9,5,0,69,0,99,1920,16000,0,6.9,89.1,99,8960,10368
18,562,2,2,0,6,0,69,0,99,1920,16000,13.8,20.7,0,9.9,10368,11776
18,563,2,6,0,6,0,69,0,99,1920,16000,41.4,48.3,0,9.9,10368,11776
18,564,1,8,1,6,0,69,0,99,1920,16000,55.2,62.1,9.9,19.8,10368,11776
20,565,30,0,0,0,0,69,0,99,1920,16000,0,6.9,0,9.9,1920,3328
20,566,2,1,0,0,0,69,0,99,1920,16000,6.9,13.8,0,9.9,1920,3328
20,567,5,2,0,0,0,69,0,99,1920,16000,13.8,20.7,0,9.9,1920,3328
20,568,1,3,0,0,0,69,0,99,1920,16000,20.7,27.6,0,9.9,1920,3328
20,569,3,6,0,0,0,69,0,99,1920,16000,41.4,48.3,0,9.9,1920,3328
20,570,1,0,3,0,0,69,0,99,1920,16000,0,6.9,29.7,39.6,1920,3328
20,571,4,0,0,1,0,69,0,99,1920,16000,0,6.9,0,9.9,3328,4736
20,572,16,1,0,1,0,69,0,99,1920,16000,6.9,13.8,0,9.9,3328,4736
20,573,7,2,0,1,0,69,0,99,1920,16000,13.8,20.7,0,9.9,3328,4736
20,574,9,3,0,1,0,69,0,99,1920,16000,20.7,27.6,0,9.9,3328,4736
20,575,9,0,1,1,0,69,0,99,1920,16000,0,6.9,9.9,19.8,3328,4736
20,576,5,1,1,1,0,69,0,99,1920,16000,6.9,13.8,9.9,19.8,3328,4736
20,577,9,3,1,1,0,69,0,99,1920,16000,20.7,27.6,9.9,19.8,3328,4736
20,578,1,5,1,1,0,69,0,99,1920,16000,34.5,41.4,9.9,19.8,3328,4736
20,579,2,6,1,1,0,69,0,99,1920,16000,41.4,48.3,9.9,19.8,3328,4736
20,580,5,0,2,1,0,69,0,99,1920,16000,0,6.9,19.8,29.7,3328,4736
20,581,6,1,2,1,0,69,0,99,1920,16000,6.9,13.8,19.8,29.7,3328,4736
20,582,4,2,2,1,0,69,0,99,1920,16000,13.8,20.7,19.8,29.7,3328,4736
20,583,1,1,3,1,0,69,0,99,1920,16000,6.9,13.8,29.7,39.6,3328,4736
20,584,1,0,4,1,0,69,0,99,1920,16000,0,6.9,39.6,49.5,3328,4736
20,585,5,0,0,2,0,69,0,99,1920,16000,0,6.9,0,9.9,4736,6144
20,586,1,1,0,2,0,69,0,99,1920,16000,6.9,13.8,0,9.9,4736,6144
20,587,2,3,0,2,0,69,0,99,1920,16000,20.7,27.6,0,9.9,4736,6144
20,588,5,4,0,2,0,69,0,99,1920,16000,27.6,34.5,0,9.9,4736,6144
20,589,7,6,0,2,0,69,0,99,1920,16000,41.4,48.3,0,9.9,4736,6144
20,590,1,0,1,2,0,69,0,99,1920,16000,0,6.9,9.9,19.8,4736,6144
20,591,5,4,1,2,0,69,0,99,1920,16000,27.6,34.5,9.9,19.8,4736,6144
20,592,3,1,2,2,0,69,0,99,1920,16000,6.9,13.8,19.8,29.7,4736,6144
20,593,2,2,2,2,0,69,0,99,1920,16000,13.8,20.7,19.8,29.7,4736,6144
20,594,4,3,2,2,0,69,0,99,1920,16000,20.7,27.6,19.8,29.7,4736,6144
20,595,2,2,3,2,0,69,0,99,1920,16000,13.8,20.7,29.7,39.6,4736,6144
20,596,1,3,3,2,0,69,0,99,1920,16000,20.7,27.6,29.7,39.6,4736,6144
20,597,10,1,4,2,0,69,0,99,1920,16000,6.9,13.8,39.6,49.5,4736,6144
20,598,1,2,4,2,0,69,0,99,1920,16000,13.8,20.7,39.6,49.5,4736,6144
20,599,2,0,5,2,0,69,0,99,1920,16000,0,6.9,49.5,59.4,4736,6144
20,600,2,1,5,2,0,69,0,99,1920,16000,6.9,13.8,49.5,59.4,4736,6144
20,601,1,0,0,3,0,69,0,99,1920,16000,0,6.9,0,9.9,6144,7552
20,602,1,2,0,3,0,69,0,99,1920,16000,13.8,20.7,0,9.9,6144,7552
20,603,4,3,0,3,0,69,0,99,1920,16000,20.7,27.6,0,9.9,6144,7552
20,604,2,4,0,3,0,69,0,99,1920,16000,27.6,34.5,0,9.9,6144,7552
20,605,1,5,0,3,0,69,0,99,1920,16000,34.5,41.4,0,9.9,6144,7552
20,606,1,6,0,3,0,69,0,99,1920,16000,41.4,48.3,0,9.9,6144,7552
20,607,1,0,1,3,0,69,0,99,1920,16000,0,6.9,9.9,19.8,6144,7552
20,608,2,1,1,3,0,69,0,99,1920,16000,6.9,13.8,9.9,19.8,6144,7552
20,609,1,3,1,3,0,69,0,99,1920,16000,20.7,27.6,9.9,19.8,6144,7552
20,610,1,4,1,3,0,69,0,99,1920,16000,27.6,34.5,9.9,19.8,6144,7552
20,611,2,0,2,3,0,69,0,99,1920,16000,0,6.9,19.8,29.7,6144,7552
20,612,1,1,2,3,0,69,0,99,1920,16000,6.9,13.8,19.8,29.7,6144,7552
20,613,1,2,2,3,0,69,0,99,1920,16000,13.8,20.7,19.8,29.7,6144,7552
20,614,7,3,2,3,0,69,0,99,1920,16000,20.7,27.6,19.8,29.7,6144,7552
20,615,4,0,3,3,0,69,0,99,1920,16000,0,6.9,29.7,39.6,6144,7552
20,616,1,1,3,3,0,69,0,99,1920,16000,6.9,13.8,29.7,39.6,6144,7552
20,617,11,2,3,3,0,69,0,99,1920,16000,13.8,20.7,29.7,39.6,6144,7552
20,618,7,3,3,3,0,69,0,99,1920,16000,20.7,27.6,29.7,39.6,6144,7552
20,619,2,4,3,3,0,69,0,99,1920,16000,27.6,34.5,29.7,39.6,6144,7552
20,620,2,2,4,3,0,69,0,99,1920,16000,13.8,20.7,39.6,49.5,6144,7552
20,621,6,1,5,3,0,69,0,99,1920,16000,6.9,13.8,49.5,59.4,6144,7552
20,622,5,2,5,3,0,69,0,99,1920,16000,13.8,20.7,49.5,59.4,6144,7552
20,623,1,1,6,3,0,69,0,99,1920,16000,6.9,13.8,59.4,69.3,6144,7552
20,624,3,5,0,4,0,69,0,99,1920,16000,34.5,41.4,0,9.9,7552,8960
20,625,1,2,2,4,0,69,0,99,1920,16000,13.8,20.7,19.8,29.7,7552,8960
20,626,1,3,2,4,0,69,0,99,1920,16000,20.7,27.6,19.8,29.7,7552,8960
20,627,2,0,3,4,0,69,0,99,1920,16000,0,6.9,29.7,39.6,7552,8960
20,628,1,2,3,4,0,69,0,99,1920,16000,13.8,20.7,29.7,39.6,7552,8960
20,629,2,3,3,4,0,69,0,99,1920,16000,20.7,27.6,29.7,39.6,7552,8960
20,630,1,3,4,4,0,69,0,99,1920,16000,20.7,27.6,39.6,49.5,7552,8960
20,631,1,0,5,4,0,69,0,99,1920,16000,0,6.9,49.5,59.4,7552,8960
20,632,3,2,5,4,0,69,0,99,1920,16000,13.8,20.7,49.5,59.4,7552,8960
20,633,1,0,6,4,0,69,0,99,1920,16000,0,6.9,59.4,69.3,7552,8960
20,634,7,1,6,4,0,69,0,99,1920,16000,6.9,13.8,59.4,69.3,7552,8960
20,635,1,2,6,4,0,69,0,99,1920,16000,13.8,20.7,59.4,69.3,7552,8960
20,636,1,2,0,5,0,69,0,99,1920,16000,13.8,20.7,0,9.9,8960,10368
20,637,10,1,1,5,0,69,0,99,1920,16000,6.9,13.8,9.9,19.8,8960,10368
20,638,1,3,4,5,0,69,0,99,1920,16000,20.7,27.6,39.6,49.5,8960,10368
20,639,1,1,6,5,0,69,0,99,1920,16000,6.9,13.8,59.4,69.3,8960,10368
20,640,1,2,6,5,0,69,0,99,1920,16000,13.8,20.7,59.4,69.3,8960,10368
20,641,1,1,4,6,0,69,0,99,1920,16000,6.9,13.8,39.6,49.5,10368,11776
20,642,1,2,1,7,0,69,0,99,1920,16000,13.8,20.7,9.9,19.8,11776,13184
20,643,1,3,1,7,0,69,0,99,1920,16000,20.7,27.6,9.9,19.8,11776,13184
